index	link	name	rating	review	price	categories	neighborhood	road	city	postcode	phone	feedback
1	http://www.yelp.com//biz/california-gogi-korean-grill-los-angeles	California Gogi Korean Grill	stars_4_half	97	$	korean, asianfusion	Exposition Park	3742 S Figueroa St	Los Angeles	90007	(213) 744-1910	'I ordered spicy pork and beef and loved every bite. \xc2\xa0\xe2\x80\xa2 \xc2\xa0My favorite thing to get here is the bulgogi plate. \xc2\xa0\xe2\x80\xa2 \xc2\xa0There are two types of rice bowls: the stacked bowl and the bibimbap.'
2	http://www.yelp.com//biz/food-haus-caf%C3%A9-los-angeles	Food Haus Caf\xc3\xa9	stars_4_half	185	$$	cafes, breakfast_brunch	Historic South Central	2106 S Olive St	Los Angeles	90007	(213) 741-0007	'And their yummy truffle fries~~~ yummm~~~~ soooo good. \xc2\xa0\xe2\x80\xa2 \xc2\xa0The bleu burger was great, the beef is tasty and juicy. \xc2\xa0\xe2\x80\xa2 \xc2\xa0The fries that it came with the torta where to die for as well.'
3	http://www.yelp.com//biz/little-beast-los-angeles-2	Little Beast	stars_4_half	201	$$	newamerican	Eagle Rock	1496 Colorado Blvd	Los Angeles	90041	(323) 341-5899	'For dessert, we shared he chocolate pudding - also delicious. \xc2\xa0\xe2\x80\xa2 \xc2\xa0The peach and burrata appetizer is a solid way to start the meal. \xc2\xa0\xe2\x80\xa2 \xc2\xa0We also tried the Duck Liver Mousse which was out of\xe2\x80\xa6'
4	http://www.yelp.com//biz/the-hungry-pig-los-angeles	The Hungry Pig	stars_4_half	142	$$	bbq	Westlake	2920 W Temple St	Los Angeles	90026	(213) 387-7787	"The pulled pork, and the baby back ribs are fantastic. \xc2\xa0\xe2\x80\xa2 \xc2\xa0The spicy slaw was my favorite, and I can't wait to try everything... \xc2\xa0\xe2\x80\xa2 \xc2\xa0My favorite are the curried potato and mac and cheese."
5	http://www.yelp.com//biz/joes-falafel-los-angeles	Joe\xe2\x80\x99s Falafel	stars_4_half	641	$	mediterranean	Studio City	3535 Cahuenga Blvd W	Los Angeles	90068	(323) 512-4447	'The food was fresh and amazingly good (best lafa bread ever. \xc2\xa0\xe2\x80\xa2 \xc2\xa0My chicken shawarma was well flavored without being too slaty. \xc2\xa0\xe2\x80\xa2 \xc2\xa0Very juicy and tender meat, excellent rice and hummus.'
6	http://www.yelp.com//biz/komodo-cafe-los-angeles-3	Komodo Cafe	stars_4_half	545	$$	asianfusion, newamerican	Pico-Robertson	8809 W Pico Blvd	Los Angeles	90035	(310) 246-5153	"Also, don't forget to try the Lychee Lemonade - very refreshing. \xc2\xa0\xe2\x80\xa2 \xc2\xa0Truffle fries are delicious as well, covered in Parmesan. \xc2\xa0\xe2\x80\xa2 \xc2\xa0Can't wait to go back and try more of their tacos and\xe2\x80\xa6"
7	http://www.yelp.com//biz/the-black-sheep-los-angeles	The Black Sheep	stars_4_half	389	$$	asianfusion, pubs, gastropubs	Downtown	126 E 6th St	Los Angeles	90013	(213) 689-5022	"Best Burger in LA and Best Carne Asada Tots Anywhere. \xc2\xa0\xe2\x80\xa2 \xc2\xa0The sake selection is outstanding as are the 'banh mi sliders. \xc2\xa0\xe2\x80\xa2 \xc2\xa0If you want bomb burgers, bomb beer, bomb service."
8	http://www.yelp.com//biz/hong-galbi-los-angeles	Hong Galbi	stars_5	87	$$	korean, bbq	Harvard Heights	3132 W Olympic Blvd	Los Angeles	90006	(323) 734-2577	'Spicy Pork ribs and spicy pork were amazing. \xc2\xa0\xe2\x80\xa2 \xc2\xa0All the other side dishes are tasty too. \xc2\xa0\xe2\x80\xa2 \xc2\xa0The fish cakes and the kimchi were fresh and very tasty.'
9	http://www.yelp.com//biz/vagabond-grillyard-los-angeles-2	Vagabond Grillyard	stars_5	26	$	bbq	Glassell Park		Los Angeles	90065		"Their signature burger is one of the best burgers i've ever had and... \xc2\xa0\xe2\x80\xa2 \xc2\xa0...melt in your mouth, and the garlic cilantro aioli blows my mind. \xc2\xa0\xe2\x80\xa2 \xc2\xa0Their pulled pork sandwich is delicious as\xe2\x80\xa6"
10	http://www.yelp.com//biz/kang-hodong-baekjeong-los-angeles	Kang Hodong Baekjeong	stars_4_half	1086	$$	korean, bbq	Koreatown, Wilshire Center	3465 W 6th St	Los Angeles	90020	(213) 384-9678	'We got the beef combo for two and it was worth every penny. \xc2\xa0\xe2\x80\xa2 \xc2\xa0The steamed egg and corn cheese does take awhile to cook though. \xc2\xa0\xe2\x80\xa2 \xc2\xa0especially the pork belly is by far my most favorite one.'
11	http://www.yelp.com//biz/totoraku-los-angeles	Totoraku	stars_5	183	$$$$	japanese	Cheviot Hills	10610 W Pico Blvd	Los Angeles	90064	(310) 838-9881	"Really awesome experience and chef Kaz-san is a really cool guy. \xc2\xa0\xe2\x80\xa2 \xc2\xa0It is without a doubt the best beef tongue I've had in my life. \xc2\xa0\xe2\x80\xa2 \xc2\xa0There was inside ribeye, outside ribeye, skirt steak,\xe2\x80\xa6"
12	http://www.yelp.com//biz/guisados-los-angeles	Guisados	stars_4_half	1186	$	mexican	Boyle Heights	2100 E Cesar Chavez Ave	Los Angeles	90033	(323) 264-7201	"I can't wait to go back and try out more tacos. \xc2\xa0\xe2\x80\xa2 \xc2\xa0Highly recommend the Sampler platter, which comes with 6 tacos. \xc2\xa0\xe2\x80\xa2 \xc2\xa0Both bistek en salsa roja and steak picado were pretty good too."
13	http://www.yelp.com//biz/pine-and-crane-los-angeles	Pine &amp; Crane	stars_4_half	171	$$	taiwanese, chinese	Silver Lake	1521 Griffith Park Blvd	Los Angeles	90026	(323) 668-1128	"Minced Pork over rice ($6): \xc2\xa0Hands down my favorite thing I ate that... \xc2\xa0\xe2\x80\xa2 \xc2\xa0...that this is hands down the best beef noodle soup I've ever had in LA. \xc2\xa0\xe2\x80\xa2 \xc2\xa0But not super oily like traditional\xe2\x80\xa6"
14	http://www.yelp.com//biz/langers-los-angeles-2	Langer\xe2\x80\x99s	stars_4_half	2169	$$	delis, sandwiches, bakeries	Westlake	704 S Alvarado St	Los Angeles	90057	(213) 483-8050	'Thick slices of juicy pastrami on rye hits the spot every time. \xc2\xa0\xe2\x80\xa2 \xc2\xa019 pastrami with cole slaw Russian dressing with rye bread. \xc2\xa0\xe2\x80\xa2 \xc2\xa0The warm double-baked rye bread gives an extra crispy\xe2\x80\xa6'
15	http://www.yelp.com//biz/wolvesmouth-at-the-wolvesden-los-angeles	Wolvesmouth at the Wolvesden	stars_5	33	$$$$	newamerican	Arts District, Downtown		Los Angeles	90012		"I wish there were more people in the world like Chef Craig. \xc2\xa0\xe2\x80\xa2 \xc2\xa0This is absolutely the best dining experience I've ever had in LA. \xc2\xa0\xe2\x80\xa2 \xc2\xa0get on their mailing list &amp; they will send you monthly\xe2\x80\xa6"
16	http://www.yelp.com//biz/my-two-cents-los-angeles	My Two Cents	stars_4_half	220	$$	soulfood, newamerican	Mid-Wilshire	5583 W Pico Blvd	Los Angeles	90019	(323) 938-1012	'I love the Shrimp and Grits, crack cake, and bbq fried chicken. \xc2\xa0\xe2\x80\xa2 \xc2\xa0The quinoa mac n cheese is creamy and delicious. \xc2\xa0\xe2\x80\xa2 \xc2\xa0So far, my favorite is the Fried Green Tomato Po Boy with bacon.'
17	http://www.yelp.com//biz/black-hogg-los-angeles	Black Hogg	stars_4_half	502	$$	newamerican	Silver Lake	2852 W Sunset Blvd	Los Angeles	90026	(323) 953-2820	'2)Pork Belly Tacos topped with Fuji apple slaw &amp; jalapeno relish. \xc2\xa0\xe2\x80\xa2 \xc2\xa0POPCORN BACON: Bite-sized House-Made Bacon Morsels, Maple Crema. \xc2\xa0\xe2\x80\xa2 \xc2\xa0Super greasy bone marrow makes my inner fat girl a\xe2\x80\xa6'
18	http://www.yelp.com//biz/papa-cristos-los-angeles-2	Papa Cristo\xe2\x80\x99s	stars_4_half	1234	$$	greek, mediterranean	Pico-Union	2771 W Pico Blvd	Los Angeles	90006	(323) 737-2970	"Can't wait to come back and try gyro and kebobs. \xc2\xa0\xe2\x80\xa2 \xc2\xa0HUGE CHUNKS of fall-off-the-bone-\xc2\xadperfectly-seasoned lamb meat. \xc2\xa0\xe2\x80\xa2 \xc2\xa0We always start the meal with Sizzling Feta and Tomato."
19	http://www.yelp.com//biz/hawkins-house-of-burgers-los-angeles	Hawkins House of Burgers	stars_4_half	278	$	burgers, tradamerican		11603 S Slater St	Los Angeles	90059	(323) 563-1129	"Cynthia Hawkins your fantastic all day special made my day. \xc2\xa0\xe2\x80\xa2 \xc2\xa0this may have been the best burger i've had in some time. \xc2\xa0\xe2\x80\xa2 \xc2\xa0Sweet Buns, Beefy Meat and Large Super Juicy Hot Link."
20	http://www.yelp.com//biz/four-cafe-los-angeles-2	Four Cafe	stars_4_half	102	$$	newamerican, salad, burgers	Beverly Grove	519 S Fairfax Ave	Los Angeles	90036	(323) 272-3993	'Lastly, the salted chocolate chip cookie was great. \xc2\xa0\xe2\x80\xa2 \xc2\xa0Four Cafe is a recent addition to Fairfax (replacing Black Cat. \xc2\xa0\xe2\x80\xa2 \xc2\xa0...recommend: steak sandwich, roasted tomato grilled cheese, fruit\xe2\x80\xa6'
21	http://www.yelp.com//biz/mo-better-burgers-los-angeles-2	Mo Better Burgers	stars_4_half	169	$	burgers	Mid-Wilshire	901 S La Brea Ave	Los Angeles	90036	(323) 939-0242	"By far the best turkey burger I've ever had. \xc2\xa0\xe2\x80\xa2 \xc2\xa0I get the beef tacos and it truly a treat each and every time. \xc2\xa0\xe2\x80\xa2 \xc2\xa0Thanks Tami you make my day every time."
22	http://www.yelp.com//biz/providence-los-angeles-2	Providence	stars_4_half	1677	$$$$	seafood	Hollywood	5955 Melrose Ave	Los Angeles	90038	(323) 460-4170	'Def coming back to try the tasting menu with wine pairing. \xc2\xa0\xe2\x80\xa2 \xc2\xa0The bread and amuse bouche were both delicious and unique. \xc2\xa0\xe2\x80\xa2 \xc2\xa0The bacon brioche had a great texture and wonderful flavor.'
23	http://www.yelp.com//biz/tikal-restaurant-cocina-maya-los-angeles-2	Tikal Restaurant Cocina Maya	stars_4_half	106	$$	latin	El Sereno	4838 E Huntington Dr S	Los Angeles	90032	(323) 352-8274	"If you want high quality Guatemalan food I suggest you come here. \xc2\xa0\xe2\x80\xa2 \xc2\xa0The Garnachas are an awesome way to start the meal. \xc2\xa0\xe2\x80\xa2 \xc2\xa0Very different than Mexican horchata, it's delicious too."
24	http://www.yelp.com//biz/mae-shil-tang-shabu-shabu-los-angeles	Mae Shil Tang Shabu Shabu	stars_5	50	$$	korean	Koreatown, Wilshire Center	301 S Western Ave	Los Angeles	90020	(213) 389-1112	"The best part of this place is it's all you can eat veggie bar. \xc2\xa0\xe2\x80\xa2 \xc2\xa0Really enjoyed the variety of fresh vegetables. \xc2\xa0\xe2\x80\xa2 \xc2\xa0...make sure you always have enough broth, that you cook your noodles..."
25	http://www.yelp.com//biz/rickys-fish-tacos-los-angeles-3	Ricky\xe2\x80\x99s Fish Tacos	stars_4_half	690	$	foodstands, mexican, seafood	East Hollywood	1400 N Virgil Ave	Los Angeles	90027	(323) 906-7290	'Be good to yourself and give in to fish taco heaven. \xc2\xa0\xe2\x80\xa2 \xc2\xa0The cucumber-mint agua fresca is also really delicious. \xc2\xa0\xe2\x80\xa2 \xc2\xa0best ensenada style fish tacos in the country.'
26	http://www.yelp.com//biz/bronzed-aussie-los-angeles	Bronzed Aussie	stars_4_half	174	$	australian, bakeries, coffee	Downtown	714 S Los Angeles St	Los Angeles	90014	(213) 243-0770	"Can't wait to come back and try all the other pies and desserts. \xc2\xa0\xe2\x80\xa2 \xc2\xa0Chicken Bacon &amp; Mushroom- WOW, really tasty. \xc2\xa0\xe2\x80\xa2 \xc2\xa0...shepherds type pies all different flavors from Thai to ground beef."
27	http://www.yelp.com//biz/chichen-itza-restaurant-los-angeles	Chichen Itza Restaurant	stars_4_half	517	$	mexican	Historic South Central	3655 S Grand Ave	Los Angeles	90007	(213) 741-1075	'Cochinita Pibil is all you need for a fantastic lunch / dinner. \xc2\xa0\xe2\x80\xa2 \xc2\xa0Chichen Itza is located inside Mercado La Paloma off the freeway. \xc2\xa0\xe2\x80\xa2 \xc2\xa0Tikin-xic: Fish was cooked perfectly, light and flaky.'
28	http://www.yelp.com//biz/la-rose-cafe-los-angeles-2	LA Rose Cafe	stars_4_half	388	$$	filipino, newamerican	East Hollywood	4749 Fountain Ave	Los Angeles	90029	(323) 662-4024	"Also, the garlic rice here hits the spot right on. \xc2\xa0\xe2\x80\xa2 \xc2\xa0The bread pudding is one of the best damn desserts I've ever had. \xc2\xa0\xe2\x80\xa2 \xc2\xa0You should also try their Empanadas, Tocino and Longaniza yummy."
29	http://www.yelp.com//biz/bestia-los-angeles	Bestia	stars_4_half	1188	$$$	italian	Downtown	2121 E 7th Pl	Los Angeles	90021	(213) 514-5724	"Bone marrow (maybe the most AMAZING thing i've ever eaten. \xc2\xa0\xe2\x80\xa2 \xc2\xa0Cavatelli alla Norcina- Another MUST GET when you come here. \xc2\xa0\xe2\x80\xa2 \xc2\xa0Grilled Octopus and Calamari - Cooked perfectly tender and\xe2\x80\xa6"
30	http://www.yelp.com//biz/new-york-famous-deli-los-angeles	New York Famous Deli	stars_5	58	$	delis	Eagle Rock	2501 Colorado Blvd	Los Angeles	90041	(323) 255-3354	"Omg omg omg finally some real pastrami in eagle rock. \xc2\xa0\xe2\x80\xa2 \xc2\xa0The bread is fresh, potato salad is delicious, the wings are... \xc2\xa0\xe2\x80\xa2 \xc2\xa0I'm coming back to try their Matzo Ball Soup and his famous\xe2\x80\xa6"
31	http://www.yelp.com//biz/grub-los-angeles	Grub	stars_4	1157	$$	newamerican, breakfast_brunch, comfortfood	Hollywood	911 Seward St	Los Angeles	90038	(323) 461-3663	'Crack bacon and Fruity Pebble pancakes all day. \xc2\xa0\xe2\x80\xa2 \xc2\xa0The french toast was really great and loved the raspberry butter. \xc2\xa0\xe2\x80\xa2 \xc2\xa0I hear the after school special is simply awesome.'
32	http://www.yelp.com//biz/corn-man-los-angeles	Corn Man	stars_5	39	$	foodstands	Lincoln Heights	2338 Workman St	Los Angeles	90031		"It's been years since I've had elote, so this definitely brought back... \xc2\xa0\xe2\x80\xa2 \xc2\xa0If we lived closer, we'd probably be eating it every night. \xc2\xa0\xe2\x80\xa2 \xc2\xa0He's so sweet and fast too despite the long line of\xe2\x80\xa6"
33	http://www.yelp.com//biz/a-food-affair-los-angeles	A Food Affair	stars_4_half	226	$$	french, newamerican	Pico-Robertson	1515 S Robertson Blvd	Los Angeles	90035	(310) 557-9795	"Oh, did I mention it's BYOB and no corkage fee. \xc2\xa0\xe2\x80\xa2 \xc2\xa0She even taught me how to say beef bourguignon correctly. \xc2\xa0\xe2\x80\xa2 \xc2\xa0We had the mushroom tourte, rib-eye, duck, and brussel sprouts."
34	http://www.yelp.com//biz/orleans-and-york-deli-los-angeles	Orleans and York Deli	stars_4_half	198	$$	cajun, tradamerican	View Park/Windsor Hills	4454 W Slauson Ave	Los Angeles	90043	(323) 291-8800	'The shrimp po boy was very very good, \xc2\xa0the bread is super fresh. \xc2\xa0\xe2\x80\xa2 \xc2\xa0...favorite hands-down is the Gumbo Mumbo sandwich: meaty and the bread... \xc2\xa0\xe2\x80\xa2 \xc2\xa0They are "foot longs" on French bread &amp;\xe2\x80\xa6'
35	http://www.yelp.com//biz/figueroa-philly-cheese-steak-los-angeles	Figueroa Philly Cheese Steak	stars_4_half	282	$	cheesesteaks, sandwiches	Exposition Park	3844 S Figueroa St	Los Angeles	90037	(213) 748-9073	'Mario is super friendly was very helpful with my selection. \xc2\xa0\xe2\x80\xa2 \xc2\xa0Cheese steak was great and the onion rings were amazing. \xc2\xa0\xe2\x80\xa2 \xc2\xa0The cheese is good too if you prefer a provolone or American.'
36	http://www.yelp.com//biz/the-faculty-los-angeles	The Faculty	stars_4	105	$$	newamerican	East Hollywood	707 N Heliotrope Dr	Los Angeles	90029	(323) 284-8002	'Italian sausage chili and horseradish mac n cheese. \xc2\xa0\xe2\x80\xa2 \xc2\xa0Amazing beer selection, decent little wine selection. \xc2\xa0\xe2\x80\xa2 \xc2\xa0Definitely go and check out The Faculty.'
37	http://www.yelp.com//biz/chibiscus-asian-caf%C3%A9-and-restaurant-los-angeles	Chibiscus Asian Caf\xc3\xa9 &amp; Restaurant	stars_4_half	293	$	cafes, asianfusion, ramen	Hollywood	7361 W Sunset Blvd	Los Angeles	90046	(323) 977-9877	'The chibiscus brick toast is life-changingly delicious. \xc2\xa0\xe2\x80\xa2 \xc2\xa0Highly recommend the Kimchi fried rice. \xc2\xa0\xe2\x80\xa2 \xc2\xa0Delicious Tonkotsu and Spicy Miso Ramen.'
38	http://www.yelp.com//biz/genwa-korean-bbq-los-angeles-2	Genwa Korean Bbq	stars_4_half	1520	$$	korean, bbq	Hancock Park	5115 Wilshire Blvd	Los Angeles	90036	(323) 549-0760	'I love love love the fact that you get 25 side dishes. \xc2\xa0\xe2\x80\xa2 \xc2\xa0One million types of banchan and super delicious meat. \xc2\xa0\xe2\x80\xa2 \xc2\xa0Their galbi is very high-quality with lots of marbled fat.'
39	http://www.yelp.com//biz/the-kitchen-los-angeles	The Kitchen	stars_4	809	$$	newamerican, tradamerican	Silver Lake	4348 Fountain Ave	Los Angeles	90029	(323) 664-3663	'My husband always gets the fried chicken which is amazing. \xc2\xa0\xe2\x80\xa2 \xc2\xa0Pear pancakes: also very moist and not overly sweet. \xc2\xa0\xe2\x80\xa2 \xc2\xa0I love the veggie stack and my hubby always gets mac and cheese.'
40	http://www.yelp.com//biz/community-los-angeles	Community	stars_4_half	108	$$	sandwiches, tradamerican	Los Feliz	2044 Hillhurst Ave	Los Angeles	90027	(323) 913-0478	'I ordered the OMG Lamb sandwich and it was indeed OMG "amazing. \xc2\xa0\xe2\x80\xa2 \xc2\xa0Stop reading this now and go get the fried chicken sandwich. \xc2\xa0\xe2\x80\xa2 \xc2\xa0I ordered the burger with spicy potato wedges and it was\xe2\x80\xa6'
41	http://www.yelp.com//biz/buil-samgye-tang-los-angeles	Buil Samgye Tang	stars_4_half	123	$$	korean, soup	Koreatown, Wilshire Center	4204 W 3rd St	Los Angeles	90004	(213) 739-0001	'You get ginseng tea as a standard accompaniment. \xc2\xa0\xe2\x80\xa2 \xc2\xa0I always save the sticky rice for last and it did not disappoint. \xc2\xa0\xe2\x80\xa2 \xc2\xa0...kimchi, GOOD spicy marinated cucumbers, and delicious chicken\xe2\x80\xa6'
42	http://www.yelp.com//biz/han-bat-sul-lung-tang-los-angeles	Han Bat Sul Lung Tang	stars_4_half	796	$	korean, comfortfood	Koreatown, Wilshire Center	4163 W 5th St	Los Angeles	90020	(213) 383-9499	"love their ggak doo gi and kimchi always ask for seconds. \xc2\xa0\xe2\x80\xa2 \xc2\xa0I got the brisket and flank and loved every bit of it. \xc2\xa0\xe2\x80\xa2 \xc2\xa0I've tried many others but non could beat their awesome broth."
43	http://www.yelp.com//biz/soowon-galbi-kbbq-restaurant-los-angeles-2	Soowon Galbi KBBQ Restaurant	stars_4_half	1532	$$	korean, bbq	Koreatown	856 S Vermont Ave	Los Angeles	90005	(213) 365-9292	'Food is absolutely delicious with all kinds of side dishes. \xc2\xa0\xe2\x80\xa2 \xc2\xa0Perfect balance between fat and meat in each pork belly. \xc2\xa0\xe2\x80\xa2 \xc2\xa0The meat is so tender and juicy and marinated perfectly.'
44	http://www.yelp.com//biz/blue-cow-kitchen-los-angeles	Blue Cow Kitchen	stars_4	585	$$	newamerican, bars	Downtown	350 S Grand Ave	Los Angeles	90071	(213) 621-2249	'As mentioned above, the baked then fried potatoes were amazing. \xc2\xa0\xe2\x80\xa2 \xc2\xa0Pork belly banh mi - really delicious and spicy. \xc2\xa0\xe2\x80\xa2 \xc2\xa0FOOD: got the duck wings and the pork belly bahn mi tacos.'
45	http://www.yelp.com//biz/ta-eem-grill-los-angeles	Ta-eem Grill	stars_4_half	291	$$	mediterranean, kosher	Fairfax	7422 Melrose Ave	Los Angeles	90046	(323) 944-0013	"Well tonight was the night I guess I'm officially off the diet I've been on for the last three months. \xc2\xa0I think I was ready today too cause I kind of just felt it in my bones that I was going\xe2\x80\xa6"
46	http://www.yelp.com//biz/el-chato-taco-truck-los-angeles-2	El Chato Taco Truck	stars_4_half	642	$	mexican, latin, foodtrucks	Mid-Wilshire	5300 W Olympic Blvd	Los Angeles	90019	(323) 202-6936	'but hands down the best al pastor tacos I have ever had. \xc2\xa0\xe2\x80\xa2 \xc2\xa0The carne asada was super flavorful and juicy. \xc2\xa0\xe2\x80\xa2 \xc2\xa0Whatever you get, make sure to ask for grilled onions.'
47	http://www.yelp.com//biz/yuko-kitchen-los-angeles	Yuko Kitchen	stars_4_half	536	$$	japanese	Mid-Wilshire	5484 Wilshire Blvd	Los Angeles	90036	(323) 933-4020	'When you go there make sure to try the mint lemonade. \xc2\xa0\xe2\x80\xa2 \xc2\xa0Spicy Salmon was really fresh with lots of flavor. \xc2\xa0\xe2\x80\xa2 \xc2\xa0My favorite is garlic albacore bowl and strawberry shot.'
48	http://www.yelp.com//biz/bottega-louie-los-angeles	Bottega Louie	stars_4	8241	$$	italian, bakeries, breakfast_brunch	Downtown	700 S Grand Ave	Los Angeles	90017	(213) 802-1470	'i will def go back soon to get my portobello fries fix. \xc2\xa0\xe2\x80\xa2 \xc2\xa0Words cannot express how much I love the macarons here. \xc2\xa0\xe2\x80\xa2 \xc2\xa0yum yum yum \xc2\xa0so beautiful too, my favorite is the earl grey.'
49	http://www.yelp.com//biz/del-rey-kitchen-los-angeles	Del Rey Kitchen	stars_4_half	90	$$	japanese, asianfusion	Del Rey	12740 Culver Blvd	Los Angeles	90066	(310) 822-7788	"I want to try the spicy caviar pasta and the fried chicken. \xc2\xa0\xe2\x80\xa2 \xc2\xa0Had the Hamburg steak the first visit - yummy comfort food. \xc2\xa0\xe2\x80\xa2 \xc2\xa0Market right next door for all your beer/wine needs (it's BYOB."
50	http://www.yelp.com//biz/dinos-chicken-and-burgers-los-angeles	Dino\xe2\x80\x99s Chicken and Burgers	stars_4_half	1088	$	burgers, mexican	Pico-Union	2575 W Pico Blvd	Los Angeles	90006	(213) 380-3554	'The cole slaw is super duper good too. \xc2\xa0\xe2\x80\xa2 \xc2\xa0I recommend getting extra sauce and extra coleslaw. \xc2\xa0\xe2\x80\xa2 \xc2\xa0affordable amazing seasoned chicken on a bed of fries.'
51	http://www.yelp.com//biz/deli-in-los-angeles	Deli-In	stars_5	40	$	delis, sandwiches	Koreatown, Wilshire Center	3456 1/2 Wilshire Blvd	Los Angeles	90010	(213) 388-3451	"Peter really knows how to take care of his customers. \xc2\xa0\xe2\x80\xa2 \xc2\xa0I've never tried a spam musubi with egg. \xc2\xa0\xe2\x80\xa2 \xc2\xa0Love this place - It's perfect for a breakfast and lunch."
52	http://www.yelp.com//biz/local-table-los-angeles	Local Table	stars_4_half	157	$$	newamerican, coffee, juicebars	Downtown	800 S Figueroa  St	Los Angeles	90017	(213) 488-2654	'...pastries and desserts, and their house-made ginger ale is a MUST. \xc2\xa0\xe2\x80\xa2 \xc2\xa0We also had the D-tox and Refresh cold pressed juices. \xc2\xa0\xe2\x80\xa2 \xc2\xa0I went with the Turkey apple sandwich and it was PHENOMENAL.'
53	http://www.yelp.com//biz/palm-grove-ethiopian-restaurant-los-angeles-2	Palm Grove Ethiopian Restaurant	stars_4_half	71	$	ethiopian	Harvard Heights	1905 S Western Ave	Los Angeles	90018	(323) 730-0994	'Also, the injera is hand-made in-house and is super-delicious. \xc2\xa0\xe2\x80\xa2 \xc2\xa0We shared the vegetarian special and fish dish. \xc2\xa0\xe2\x80\xa2 \xc2\xa0We got the veggie combination and awaze tibs.'
54	http://www.yelp.com//biz/the-village-kitchen-los-angeles	The Village Kitchen	stars_4_half	68	$	tradamerican	Westlake	1667 Beverly Blvd	Los Angeles	90026	(213) 235-1487	'...proceeds go to the Good Shepherd Homeless women and children shelter. \xc2\xa0\xe2\x80\xa2 \xc2\xa0I did try the red velvet cupcakes---so good. \xc2\xa0\xe2\x80\xa2 \xc2\xa0Why not, enjoy a tasty meal and support a good cause all in one.'
55	http://www.yelp.com//biz/the-stocking-frame-los-angeles	The Stocking Frame	stars_4	254	$$	newamerican	Downtown	911 S Hill St	Los Angeles	90015	(213) 488-0373	"The octopus and pork belly tacos are life changing. \xc2\xa0\xe2\x80\xa2 \xc2\xa0The avocado cornbread is very good as well. \xc2\xa0\xe2\x80\xa2 \xc2\xa0I'm just loving all these amazing restaurants in DTLA."
56	http://www.yelp.com//biz/soda-pops-los-angeles-2	Soda Pop\xe2\x80\x99s	stars_4_half	317	$$	delis, sandwiches, burgers	Beverly Grove	349 N La Cienega Blvd	Los Angeles	90048	(310) 967-0119	'Great food, delicious homemade chips, and very friendly service. \xc2\xa0\xe2\x80\xa2 \xc2\xa0Steak bomb was bomb real \xc2\xa0good coming back soon. \xc2\xa0\xe2\x80\xa2 \xc2\xa0Ginger Beer Pulled Pork sandwich is incredible.'
57	http://www.yelp.com//biz/tacos-baja-ensenada-los-angeles	Tacos Baja Ensenada	stars_4_half	568	$	mexican	East Los Angeles	5385 Whittier Blvd	Los Angeles	90022	(323) 887-1980	"I'm glad I finally found a fish taco spot that I truly LOVE. \xc2\xa0\xe2\x80\xa2 \xc2\xa0I've also tried a ceviche and it was really fresh and delicious. \xc2\xa0\xe2\x80\xa2 \xc2\xa0Also, I can't say enough good things about the shrimp\xe2\x80\xa6"
58	http://www.yelp.com//biz/santouka-ramen-los-angeles	Santouka Ramen	stars_4_half	1591	$	ramen	Mar Vista	3760 S Centinela Ave	Los Angeles	90066	(310) 391-1101	"Hands down the best food court ramen that I've had soooooo far. \xc2\xa0\xe2\x80\xa2 \xc2\xa0The broth is perfectly balanced and not too salty. \xc2\xa0\xe2\x80\xa2 \xc2\xa0The noodles were perfect in texture and taste--very good."
59	http://www.yelp.com//biz/haru-sushi-caf%C3%A9-los-angeles	Haru Sushi Caf\xc3\xa9	stars_4_half	777	$$	japanese, sushi	Beverly Grove	480 S San Vicente Blvd	Los Angeles	90048	(323) 782-0547	'Lava Stone, Ono carpaccio, incredible roll, green tea ice cream. \xc2\xa0\xe2\x80\xa2 \xc2\xa0Albacore onion roll: very unique and delicious roll. \xc2\xa0\xe2\x80\xa2 \xc2\xa0I always get sashimi when I go due to the killer price.'
60	http://www.yelp.com//biz/i-panini-di-ambra-los-angeles-3	I Panini Di Ambra	stars_4_half	159	$	sandwiches, italian, pizza	Hollywood	5633 Hollywood Blvd	Los Angeles	90028	(323) 463-1200	'It came with a wonderful little side salad. \xc2\xa0\xe2\x80\xa2 \xc2\xa0The parma ham and mozzarella panini was amazing, so was the pizza. \xc2\xa0\xe2\x80\xa2 \xc2\xa0...and just the right amount of olive oil to crisp the grilled bread.'
61	http://www.yelp.com//biz/ham-ji-park-los-angeles-2	Ham Ji Park	stars_4_half	685	$$	korean	Koreatown, Wilshire Center	3407 W 6th St	Los Angeles	90020	(213) 365-8773	'I think I found my new favorite place for pork stew and pork ribs. \xc2\xa0\xe2\x80\xa2 \xc2\xa0I will definitely be coming back again to the Gamja tang and ribs. \xc2\xa0\xe2\x80\xa2 \xc2\xa0EVERYTHING ABOUT THIS STEW IS BEAUTIFUL AND\xe2\x80\xa6'
62	http://www.yelp.com//biz/mendocino-farms-los-angeles-2	Mendocino Farms	stars_4_half	515	$$	sandwiches, salad	Downtown	444 S Flower St	Los Angeles	90071	(213) 627-3262	'Oh Kurobuta Pork Belly Banh Mi, how I love you. \xc2\xa0\xe2\x80\xa2 \xc2\xa0I liked the Chicken MBT better but the Steak BLT was good too. \xc2\xa0\xe2\x80\xa2 \xc2\xa0Highly recommend the Sophisticated Chicken Salad.'
63	http://www.yelp.com//biz/ignatius-cafe-los-angeles	Ignatius Cafe	stars_5	62	$	coffee, cafes	Adams Normandie	1451 Dana St	Los Angeles	90007		"Bring cash, as it's a $3 donation for drinks. \xc2\xa0\xe2\x80\xa2 \xc2\xa0I believe the owners/building is a catholic church. \xc2\xa0\xe2\x80\xa2 \xc2\xa0Nice little hidden study cafe in the heart of South Central."
64	http://www.yelp.com//biz/daves-gourmet-korean-food-los-angeles	Dave\xe2\x80\x99s Gourmet Korean Food	stars_4_half	127	$	korean, foodstands, vegetarian	Hollywood	1277 N Wilton Pl	Los Angeles	90028	(310) 429-4347	"I see these guys every week at Westchester Farmer's Market. \xc2\xa0\xe2\x80\xa2 \xc2\xa0To my surprise I found the most delectable tempeh ever. \xc2\xa0\xe2\x80\xa2 \xc2\xa0I could wax poetic about the sea vegetable tempha."
65	http://www.yelp.com//biz/daikokuya-los-angeles	Daikokuya	stars_4	5237	$$	ramen	Little Tokyo, Downtown	327 E 1st St	Los Angeles	90012	(213) 626-1680	'Extremely flavorful broth with excellent made to order noodles. \xc2\xa0\xe2\x80\xa2 \xc2\xa0shredded pork bowl is pretty damn good too. \xc2\xa0\xe2\x80\xa2 \xc2\xa0Not only is the ramen top notch, but the fried rice is great too.'
66	http://www.yelp.com//biz/homestate-los-angeles	HomeState	stars_4_half	143	$	newamerican, tex	East Hollywood	4624 Hollywood Blvd	Los Angeles	90027	(323) 906-1122	"The best breakfast tacos and queso I have had west of Texas. \xc2\xa0\xe2\x80\xa2 \xc2\xa0The flour tortillas are made in house. \xc2\xa0\xe2\x80\xa2 \xc2\xa0I'm coming back for the migas, sandwiches and more Frito Pie fo sho."
67	http://www.yelp.com//biz/mariscos-jalisco-los-angeles-3	Mariscos Jalisco	stars_4_half	221	$	mexican, foodstands, seafood	Boyle Heights	3040 E Olympic Blvd	Los Angeles	90023	(323) 528-6701	'I met many of them while standing in line for the Nom Nom Truck. \xc2\xa0\xe2\x80\xa2 \xc2\xa0The ceviche de pescado is another of my favorites. \xc2\xa0\xe2\x80\xa2 \xc2\xa0With the rising prices of avocado, I found this to be such an\xe2\x80\xa6'
68	http://www.yelp.com//biz/the-hart-and-the-hunter-los-angeles	The Hart &amp; The Hunter	stars_4	303	$$$	newamerican, tapasmallplates	Beverly Grove	7950 Melrose Ave	Los Angeles	90048	(323) 424-3055	'Kale salad was crispy and flavorful without over dressing it. \xc2\xa0\xe2\x80\xa2 \xc2\xa0Loved the Brussels Sprouts \xc2\xa0the desserts, biscuits, risotto. \xc2\xa0\xe2\x80\xa2 \xc2\xa0Smoked trout on avocado toast- another great dish.'
69	http://www.yelp.com//biz/the-park-los-angeles	The Park	stars_4	436	$$	newamerican	Echo Park	1400 Sunset Blvd	Los Angeles	90026	(213) 482-9209	"You seriously can't go wrong with 5$ burger night. \xc2\xa0\xe2\x80\xa2 \xc2\xa0looking cant wait to go back and try the Lunch/breakfast and Brunch. \xc2\xa0\xe2\x80\xa2 \xc2\xa0How I've missed their pork belly sandwich with pickled zuchinni."
70	http://www.yelp.com//biz/sofrito-caribbean-kitchen-los-angeles	Sofrito Caribbean Kitchen	stars_4_half	62	$	caribbean, latin	Hollywood	6660 W Sunset Blvd	Los Angeles	90028	(323) 462-2147	'Jerk chicken platter: great spices, spicy, moist. \xc2\xa0\xe2\x80\xa2 \xc2\xa0Had the Puerco Asado and will definitely be coming back for more. \xc2\xa0\xe2\x80\xa2 \xc2\xa0Puerco Asado: juicy slow-roasted pork shoulder came with my rice.'
71	http://www.yelp.com//biz/larchmont-village-wine-spirits-and-cheese-los-angeles	Larchmont Village Wine Spirits &amp; Cheese	stars_4_half	564	$	beer_and_wine, sandwiches, cheese	Windsor Square	223 N Larchmont Blvd	Los Angeles	90004	(323) 856-8699	'Oh so divinely crunchy chewy delicious baguette, I lust thee. \xc2\xa0\xe2\x80\xa2 \xc2\xa03 Sandwich on a french baguette with Sundried tomato spread. \xc2\xa0\xe2\x80\xa2 \xc2\xa0I got a salami to go and it was still amazing the next day.'
72	http://www.yelp.com//biz/beer-belly-los-angeles-2	Beer Belly	stars_4	1051	$$	gastropubs, newamerican	Koreatown, Wilshire Center	532 S Western Ave	Los Angeles	90020	(213) 387-2337	'The crispy skin, duck confit and duck fat fries were delicious. \xc2\xa0\xe2\x80\xa2 \xc2\xa0The grilled cheese is the perfect combination of salty and sweet. \xc2\xa0\xe2\x80\xa2 \xc2\xa0My favorite hands down is the Pork Belly Chips.'
73	http://www.yelp.com//biz/animal-los-angeles	Animal	stars_4	2254	$$$	newamerican	Beverly Grove	435 N Fairfax Ave	Los Angeles	90036	(323) 782-9225	'chicken liver toast- definitely a must-have every time you go. \xc2\xa0\xe2\x80\xa2 \xc2\xa0Foie gras Terrine - Perfect blend of salty, sweet, crisp toast. \xc2\xa0\xe2\x80\xa2 \xc2\xa0Bacon chocolate crunch bar with salt &amp; pepper ice cream.'
74	http://www.yelp.com//biz/cafe-beaujolais-los-angeles	Cafe Beaujolais	stars_4_half	886	$$	french	Eagle Rock	1712 Colorado Blvd	Los Angeles	90041	(323) 255-5111	"I can't wait to come back and try the halibut. \xc2\xa0\xe2\x80\xa2 \xc2\xa0I always get their filet mignon and it never disappoints. \xc2\xa0\xe2\x80\xa2 \xc2\xa0For dessert I highly suggest trying their creme' brulee."
75	http://www.yelp.com//biz/eat-this-cafe-los-angeles	Eat This Cafe	stars_4_half	221	$$	cafes, breakfast_brunch, sandwiches	Hollywood	6547 Santa Monica Blvd	Los Angeles	90038	(323) 999-2003	'Well the truffle cheese and egg panini, again was SO good. \xc2\xa0\xe2\x80\xa2 \xc2\xa0Bottomless mimosas and great service. \xc2\xa0\xe2\x80\xa2 \xc2\xa0Corned Beef Hash, Omelettes, Roasted Potatoes, mmmm.'
76	http://www.yelp.com//biz/samosa-house-sunset-los-angeles-3	Samosa House Sunset	stars_4_half	52	$	indpak	Silver Lake	3200 W Sunset Blvd	Los Angeles	90026		'The smoked cauliflower was particularly great. \xc2\xa0\xe2\x80\xa2 \xc2\xa0...chickpea recipe), jackfruit curry, soy chicken Tikka Masala, Sarson... \xc2\xa0\xe2\x80\xa2 \xc2\xa0Jackfruit dish: fantastic; usually available.'
77	http://www.yelp.com//biz/mercado-los-angeles-2	Mercado	stars_4	186	$$	mexican	Beverly Grove	7910 W 3rd St	Los Angeles	90048	(323) 944-0947	'The happy hour deals are wonderful and the vibe is very diverse. \xc2\xa0\xe2\x80\xa2 \xc2\xa0Pork Carnitas: Served in a nice big roasted hunk of meat. \xc2\xa0\xe2\x80\xa2 \xc2\xa0The tacos are great and the flan is to die.'
78	http://www.yelp.com//biz/the-factory-kitchen-los-angeles	The Factory Kitchen	stars_4	256	$$$	italian	Arts District, Downtown	1300 Factory Pl	Los Angeles	90013	(213) 996-6000	'Mandilli di Seta - handkerchief pasta with almond basil pesto. \xc2\xa0\xe2\x80\xa2 \xc2\xa0The mandilli di seta was definitely one of my favorites. \xc2\xa0\xe2\x80\xa2 \xc2\xa0The pancotto with duck egg and red potato vellutata was velvety.'
79	http://www.yelp.com//biz/mendocino-farms-los-angeles-3	Mendocino Farms	stars_4_half	533	$$	sandwiches	Beverly Grove	175 S Fairfax Ave	Los Angeles	90036	(323) 934-4261	'Kurobuta Pork Belly Banh Mi ($9.95) - handsdown my FAVORITE. \xc2\xa0\xe2\x80\xa2 \xc2\xa0My fave sandwiches are the study of heat and their steak BLT. \xc2\xa0\xe2\x80\xa2 \xc2\xa0I also really liked the Not So Fried Chicken sandwich.'
80	http://www.yelp.com//biz/eight-korean-bbq-los-angeles-2	Eight Korean BBQ	stars_4_half	592	$$	korean, bbq	Koreatown	863 S Western Ave	Los Angeles	90005	(213) 365-1750	'Hands down the best korean style pork belly in K-town. \xc2\xa0\xe2\x80\xa2 \xc2\xa0The seafood soup and fried rice were perfect complements. \xc2\xa0\xe2\x80\xa2 \xc2\xa0I was amazed at how clean and spacious Palsaik was.'
81	http://www.yelp.com//biz/ubatuba-a%C3%A7ai-koreatown-los-angeles	Ubatuba A\xc3\xa7ai Koreatown	stars_4_half	64	$	juicebars, brazilian	Koreatown, Wilshire Center	549 S Western Ave	Los Angeles	90020	(213) 388-8958	'I have tried all the ACAI bowls from LA- San diego. \xc2\xa0\xe2\x80\xa2 \xc2\xa0Also a ham and cheese empanada which came with a delicious herb... \xc2\xa0\xe2\x80\xa2 \xc2\xa0...a piece of peanut butter, cacao nib, banana, strawberry and\xe2\x80\xa6'
82	http://www.yelp.com//biz/hangari-bajirak-kalgooksoo-los-angeles	Hangari Bajirak Kalgooksoo	stars_4_half	83	$	korean, soup	Koreatown, Wilshire Center	3470 W 6th St	Los Angeles	90020	(213) 388-2326	'Sesame oil you can add to the barley rice to enhance flavor. \xc2\xa0\xe2\x80\xa2 \xc2\xa0Kal gookso literally translates to "knife noodles. \xc2\xa0\xe2\x80\xa2 \xc2\xa0The kimchi was delicious - fresh and flavorful.'
83	http://www.yelp.com//biz/casa-la-do%C3%B1a-los-angeles-2	Casa La Do\xc3\xb1a	stars_4_half	141	$	mexican	Downtown	800 S Main St	Los Angeles	90014	(213) 627-7441	"The salsa bar is to die for &amp; the shrimp tacos are mouth watering. \xc2\xa0\xe2\x80\xa2 \xc2\xa0I had the volcan al pastor and I'd highly recommend it. \xc2\xa0\xe2\x80\xa2 \xc2\xa0Casa la Dona is a true gem of a restaurant in DTLA."
84	http://www.yelp.com//biz/maccheroni-republic-los-angeles	Maccheroni Republic	stars_4	555	$$	italian	Downtown	332 S Broadway	Los Angeles	90013	(213) 346-9725	'For now, it is BYOB with no corkage fee -- an amazing bargain. \xc2\xa0\xe2\x80\xa2 \xc2\xa0black and white pasta ($13) - great great great pasta. \xc2\xa0\xe2\x80\xa2 \xc2\xa0Bianchi and Neri: If you like rich creamy sauce.'
85	http://www.yelp.com//biz/blu-jam-caf%C3%A9-los-angeles-2	Blu Jam Caf\xc3\xa9	stars_4	2212	$$	breakfast_brunch, cafes, vegetarian	Fairfax	7371 Melrose Ave	Los Angeles	90046	(323) 951-9191	'I most loved the vanilla bean sauce on the side. \xc2\xa0\xe2\x80\xa2 \xc2\xa0Migas and Roma via Paris are two of my favorite breakfast dishes. \xc2\xa0\xe2\x80\xa2 \xc2\xa0Kamil the owner is always there making sure his ship runs smooth.'
86	http://www.yelp.com//biz/chego-los-angeles-5	Chego	stars_4	458	$	asianfusion, newamerican, latin	Chinatown	727 N Broadway	Los Angeles	90012	(323) 380-8680	'Ooey Gooey Fries &amp; \xc2\xa0Chubby Pork Belly are still my faves. \xc2\xa0\xe2\x80\xa2 \xc2\xa0The pork belly bowl and the ooey gooey fries are crazy delicious. \xc2\xa0\xe2\x80\xa2 \xc2\xa0My favorites: Sour Cream Hen House and the Ooey Gooey Fires.'
87	http://www.yelp.com//biz/bos-los-angeles-3	bos	stars_4_half	92	$$$	asianfusion	Little Tokyo, Downtown	424 E 2nd St	Los Angeles	90012	(213) 700-7834	"We've all had bone marrow made in all sorts of ways. \xc2\xa0\xe2\x80\xa2 \xc2\xa03) Oxtail Ravioli: \xc2\xa0Probably the juiciest ravioli I've ever had. \xc2\xa0\xe2\x80\xa2 \xc2\xa0Sweetbread tacos - This was one our favorites."
88	http://www.yelp.com//biz/the-bun-shop-los-angeles	The Bun Shop	stars_4	176	$	asianfusion	Koreatown	151 N Western Ave	Los Angeles	90004	(323) 468-1031	'Next time gotta try the deep fried Oreos. \xc2\xa0\xe2\x80\xa2 \xc2\xa0And by happiness, I mean spicy pork, beef, katsu, etc. \xc2\xa0\xe2\x80\xa2 \xc2\xa0I highly recommend the beefy and spam buns.'
89	http://www.yelp.com//biz/the-punchbowl-los-angeles	The Punchbowl	stars_4_half	147	$$	raw_food, vegan, juicebars	Los Feliz	4645 Melbourne Ave	Los Angeles	90027	(323) 666-1123	"The Rita Hayworth is great for something sweet. \xc2\xa0\xe2\x80\xa2 \xc2\xa0The shakes and blended juices are a mixologists dream creation. \xc2\xa0\xe2\x80\xa2 \xc2\xa0You definitely can't go wrong with fresh, organic cold pressed juice."
90	http://www.yelp.com//biz/guisados-los-angeles-3	Guisados	stars_4_half	572	$	mexican	Echo Park	1261 W Sunset Blvd	Los Angeles	90026	(213) 250-7600	'Good golly miss Molly these are some crazy amazing tacos. \xc2\xa0\xe2\x80\xa2 \xc2\xa0The food is amazing-I personally love the sampler. \xc2\xa0\xe2\x80\xa2 \xc2\xa0Chicken tinga and cochinita pibil is all yup and stuff.'
91	http://www.yelp.com//biz/eggslut-los-angeles-2	Eggslut	stars_4	524	$	breakfast_brunch	Downtown	317 S Broadway	Los Angeles	90013		'The Avo Burger was by far the best burger I ever have. \xc2\xa0\xe2\x80\xa2 \xc2\xa0The fairfax was excellent and the brioche bun really sets it off. \xc2\xa0\xe2\x80\xa2 \xc2\xa0The sriracha mayo was a nice touch and complimented the egg.'
92	http://www.yelp.com//biz/yu-chun-chic-naeng-myun-los-angeles-2	Yu Chun Chic Naeng Myun	stars_4	494	$$	korean	Harvard Heights	3185 W Olympic Blvd	Los Angeles	90006	(213) 382-3815	"Yu Chun has the best Kimchi Wang Mandu, and Spicy Cold Noodles. \xc2\xa0\xe2\x80\xa2 \xc2\xa0Don't forget to get a side of the kimchi dumplings or the kalbi. \xc2\xa0\xe2\x80\xa2 \xc2\xa0The broth is very flavorful and i could drink that all\xe2\x80\xa6"
93	http://www.yelp.com//biz/the-trails-los-angeles	The Trails	stars_4_half	337	$	newamerican, vegetarian	Griffith Park	2333 Fern Dell Dr	Los Angeles	90027	(323) 871-2102	"After you try the Avocado sandwich, you'll want one every day. \xc2\xa0\xe2\x80\xa2 \xc2\xa0Definitely a great place to stop after a good hike. \xc2\xa0\xe2\x80\xa2 \xc2\xa0Outdoor seating includes picnic tables, benches and tree stumps."
94	http://www.yelp.com//biz/hotel-caf%C3%A9-los-angeles-2	Hotel Caf\xc3\xa9	stars_4_half	438	$$	musicvenues, lounges, tradamerican	Hollywood	1623 1/2 N Cahuenga Blvd	Los Angeles	90028	(323) 461-2040	"One of LA's best kept secrets for live intimate acoustic music. \xc2\xa0\xe2\x80\xa2 \xc2\xa0This is by far my favorite music venue in LA. \xc2\xa0\xe2\x80\xa2 \xc2\xa0The Underground place for fresh and talented music artists/bands."
95	http://www.yelp.com//biz/silverlake-ramen-los-angeles	Silverlake Ramen	stars_4	540	$$	ramen	Silver Lake	2927 W Sunset Blvd	Los Angeles	90026	(323) 660-8100	'That tasty thick broth; that crisply pan-seared pork belly. \xc2\xa0\xe2\x80\xa2 \xc2\xa0There broth fills my soul with happiness and appreciation. \xc2\xa0\xe2\x80\xa2 \xc2\xa0I got the pork tonkotsu ramen and loved every second of it.'
96	http://www.yelp.com//biz/la-noche-buena-restaurant-los-angeles	La Noche Buena Restaurant	stars_4_half	129	$	mexican	Downtown	12 Olvera St	Los Angeles	90012	(213) 628-2078	"The best rice and beans I've personally had. \xc2\xa0\xe2\x80\xa2 \xc2\xa0The al pastor tacos are delicious. \xc2\xa0\xe2\x80\xa2 \xc2\xa0We got an assortment of tacos and taquitos."
97	http://www.yelp.com//biz/larchmont-bungalow-los-angeles	Larchmont Bungalow	stars_4	1497	$$	sandwiches, desserts, coffee	Windsor Square	107 N Larchmont Blvd	Los Angeles	90004	(323) 461-1528	"Can't wait to try the red and blue velvet pancakes next time. \xc2\xa0\xe2\x80\xa2 \xc2\xa0But in general it is a very lovely place and great for brunch. \xc2\xa0\xe2\x80\xa2 \xc2\xa0I def want to go again to try the nutella french toast."
98	http://www.yelp.com//biz/bld-los-angeles	BLD	stars_4	1672	$$	newamerican, breakfast_brunch	Fairfax	7450 Beverly Blvd	Los Angeles	90036	(323) 930-9744	'Gonna say that the fried egg sandwich was most excellent. \xc2\xa0\xe2\x80\xa2 \xc2\xa0SUPER good french press coffee, and those kouign amans (spelling. \xc2\xa0\xe2\x80\xa2 \xc2\xa0French toast with fruit, creme fraiche and maple syrup.'
99	http://www.yelp.com//biz/the-wilde-thistle-los-angeles-2	The Wilde Thistle	stars_5	32	$$	cafes, pubs	Palms	3456 Motor Ave	Los Angeles	90034	(310) 730-6208	"I like themes. I like themes a lot. The only thing about businesses with themes is that \xc2\xa0these days, it's hard to find one that's original and interesting. I couldn't remember the last time I\xe2\x80\xa6"
100	http://www.yelp.com//biz/eastside-market-italian-deli-los-angeles-2	Eastside Market Italian Deli	stars_4_half	545	$	italian, delis, sandwiches	Chinatown	1013 Alpine St	Los Angeles	90012	(213) 250-2464	'We ordered the DA special and it was well worth the wait. \xc2\xa0\xe2\x80\xa2 \xc2\xa0If you come here during lunch GET HERE EARLY. \xc2\xa0\xe2\x80\xa2 \xc2\xa0Meatball sammy was absolutely delish.'
101	http://www.yelp.com//biz/pizza-studio-los-angeles-5	Pizza Studio	stars_4_half	252	$	pizza, italian	University Park	3584 S Figueroa St	Los Angeles	90007	(213) 763-6123	'What more could you want than an unlimited toppings pizza for $8. \xc2\xa0\xe2\x80\xa2 \xc2\xa0Whole grain flax seed &amp; Rosemary herb crust are both amazing. \xc2\xa0\xe2\x80\xa2 \xc2\xa0Really cool vibe and such a great addition to USC.'
102	http://www.yelp.com//biz/b%C3%A4co-mercat-los-angeles-2	B\xc3\xa4co Mercat	stars_4	1293	$$	spanish, sandwiches, french	Downtown	408 S Main St	Los Angeles	90013	(213) 687-8808	'Hamachi Crudo - \xc2\xa0Light, flavorful and absolutely divine. \xc2\xa0\xe2\x80\xa2 \xc2\xa0and the Extra Crispy Coca Con Tomate w/ Pork Belly Sausage. \xc2\xa0\xe2\x80\xa2 \xc2\xa0The Caesar Brussels Sprouts are INCREDIBLE.'
103	http://www.yelp.com//biz/boos-philly-cheesesteaks-and-hoagies-los-angeles	Boo\xe2\x80\x99s Philly Cheesesteaks and Hoagies	stars_4_half	334	$	cheesesteaks, sandwiches	East Hollywood	4501 Fountain Ave	Los Angeles	90029	(323) 661-1955	"It really doesn't get better than this for cheesesteak. \xc2\xa0\xe2\x80\xa2 \xc2\xa0Both were great and my favorite was the cheese whiz. \xc2\xa0\xe2\x80\xa2 \xc2\xa0I had a cheesesteak with peppers, half wiz and half provolone."
104	http://www.yelp.com//biz/seongbukdong-los-angeles	Seongbukdong	stars_4	649	$$	korean	Koreatown, Wilshire Center	3303 W 6th St	Los Angeles	90020	(213) 738-8977	'The Steamed Beef Short Rib - Galbi Jjim IS REALLY THE BEST EVER. \xc2\xa0\xe2\x80\xa2 \xc2\xa0My personal favorite from Seong Buk Dong is the Braised Mackerel. \xc2\xa0\xe2\x80\xa2 \xc2\xa0Well here the side dishes were all delicious and well\xe2\x80\xa6'
105	http://www.yelp.com//biz/seasalt-fish-grill-los-angeles-3	Seasalt Fish Grill	stars_4_half	92	$$	seafood	Downtown	812 W 7th St	Los Angeles	90017	(213) 243-5700	"By far the best Ahi poke, fish tacos and ceviche I've ever had. \xc2\xa0\xe2\x80\xa2 \xc2\xa0I also really liked their churro waffle and highly recommend it. \xc2\xa0\xe2\x80\xa2 \xc2\xa0I think its best to go with burritos or tacos."
106	http://www.yelp.com//biz/leos-taco-truck-los-angeles-2	Leo\xe2\x80\x99s Taco Truck	stars_4_half	371	$	mexican, foodtrucks	Mid-City	1515 S La Brea Ave	Los Angeles	90019	(323) 231-5116	'Freshly sliced Al Pastor with carmelized pineapple- VERY GOOD. \xc2\xa0\xe2\x80\xa2 \xc2\xa0And they have the best AYCE/HELP YOURSELF salsa bar in TOWN. \xc2\xa0\xe2\x80\xa2 \xc2\xa0The addition of the pineapple really puts it over the top.'
107	http://www.yelp.com//biz/food-fair-by-diego-los-angeles	Food Fair by Diego	stars_4_half	289	$$	newamerican	Fairfax	7825 Beverly Blvd	Los Angeles	90036	(323) 933-9314	"Grilled Goat Cheese Sandwich &amp; Tomato Bisque- LOVED IT. \xc2\xa0\xe2\x80\xa2 \xc2\xa0It was also bring-your-own-beer or wine with no corkage fee. \xc2\xa0\xe2\x80\xa2 \xc2\xa0Beet salad was delish it's a great meal and reasonable prices."
108	http://www.yelp.com//biz/kaboom-jamaican-flavor-los-angeles	Kaboom Jamaican Flavor	stars_4_half	88	$	newamerican, caribbean	Mid-City	4641 W Washington Blvd	Los Angeles	90016	(310) 710-0038	'Jamaican jerk chicken Oxtail, Cow Foot, Curry Goat Stew. \xc2\xa0\xe2\x80\xa2 \xc2\xa0All items were fresh &amp; tasty, but the stand out was the oxtail. \xc2\xa0\xe2\x80\xa2 \xc2\xa0I happily ordered a stew chicken and oxtail combo with rice and\xe2\x80\xa6'
109	http://www.yelp.com//biz/jacks-n-joe-los-angeles-2	Jacks N Joe	stars_4	854	$	breakfast_brunch	University Park	2498 S Figueroa St	Los Angeles	90007	(213) 748-4565	"Can't wait to try all the other pancakes. \xc2\xa0\xe2\x80\xa2 \xc2\xa0The French toast is perfect; it literally melts in your mouth. \xc2\xa0\xe2\x80\xa2 \xc2\xa0I wish this place existed while I was in undergrad at USC."
110	http://www.yelp.com//biz/jnj-burger-shack-los-angeles	JNJ Burger Shack	stars_4_half	217	$	bbq, burgers	West Adams	5754 W Adams Blvd	Los Angeles	90016	(323) 934-5390	"The pork ribs fell right off the bones like they're supposed to. \xc2\xa0\xe2\x80\xa2 \xc2\xa0This is probably the best BBQ I've had in LA. \xc2\xa0\xe2\x80\xa2 \xc2\xa0The baked beans are wonderful with a silky molasses flavor, and I..."
111	http://www.yelp.com//biz/wood-spoon-los-angeles	Wood Spoon	stars_4	1004	$$	brazilian	Downtown	107 W 9th St	Los Angeles	90015	(213) 629-1765	"I can't wait to go back to try the chicken pot pie. \xc2\xa0\xe2\x80\xa2 \xc2\xa0The pork burger is incredibly juicy and full of flavor. \xc2\xa0\xe2\x80\xa2 \xc2\xa0So free yam fries and extra salad makes a happy yelper."
112	http://www.yelp.com//biz/jun-won-restaurant-los-angeles	Jun Won Restaurant	stars_4_half	137	$$	korean	Koreatown	3100 W 8th St	Los Angeles	90005	(213) 383-8855	"...was very tasty and the Seafood Pancake is absolutely the best we've... \xc2\xa0\xe2\x80\xa2 \xc2\xa0Their side dishes are always awesome and taste good. \xc2\xa0\xe2\x80\xa2 \xc2\xa0I definitely want to come back to try their famous black\xe2\x80\xa6"
113	http://www.yelp.com//biz/pa-ord-noodle-los-angeles	Pa Ord Noodle	stars_4	614	$	thai	East Hollywood	5301 Sunset Blvd	Los Angeles	90027	(323) 461-3945	'Boat Noodles and Crispy Pork were both flavorful and delicious. \xc2\xa0\xe2\x80\xa2 \xc2\xa0the HOLY BASIL CRISPY PORK gets better each time. \xc2\xa0\xe2\x80\xa2 \xc2\xa0All in all, amazingly affordable and amazingly good spicy food.'
114	http://www.yelp.com//biz/the-black-fig-los-angeles	The Black Fig	stars_5	24	$	cafes	Arts District, Downtown	960 E 3rd St	Los Angeles	90013	(213) 346-9437	'As a SCI-Arc student, I am so spoiled to have this as my school cafe. \xc2\xa0\xe2\x80\xa2 \xc2\xa0amazing sandwhiches as well as a delicious garden burger. \xc2\xa0\xe2\x80\xa2 \xc2\xa0Real coffee, bomb bagels, yummy bran muffins, and\xe2\x80\xa6'
115	http://www.yelp.com//biz/wurstk%C3%BCche-los-angeles-2	Wurstk\xc3\xbcche	stars_4	5861	$$	hotdog, german, gastropubs	Arts District, Downtown	800 E 3rd St	Los Angeles	90013	(213) 687-4444	"Cant wait to come back and get my rattlesnake and rabbit on. \xc2\xa0\xe2\x80\xa2 \xc2\xa0I can't wait to go back and try more of their sausages and beers. \xc2\xa0\xe2\x80\xa2 \xc2\xa0I always get the BELGIAN FRIES WITH WHITE TRUFFLE OIL\xe2\x80\xa6"
116	http://www.yelp.com//biz/in-n-out-burger-los-angeles-2	In-N-Out Burger	stars_4_half	703	$	burgers, hotdogs	Westchester	9149 S Sepulveda Blvd	Los Angeles	90045	(800) 786-1000	'Got the double double with grilled onions and animal style fries. \xc2\xa0\xe2\x80\xa2 \xc2\xa0This is almost always the first stop I make after flying into LAX. \xc2\xa0\xe2\x80\xa2 \xc2\xa0Be sure to ask for grilled onions and double fried\xe2\x80\xa6'
117	http://www.yelp.com//biz/sidewalk-grill-los-angeles	Sidewalk Grill	stars_4	298	$$	mediterranean, persian	Los Feliz	1727 N Vermont Ave	Los Angeles	90027	(323) 669-3354	'Delicious sides to boot, and the tomato soup is amazeballs. \xc2\xa0\xe2\x80\xa2 \xc2\xa0The filet mignon was soo tender and tasty and so was my chicken. \xc2\xa0\xe2\x80\xa2 \xc2\xa0The chicken kabob was very tender and all the sides were\xe2\x80\xa6'
118	http://www.yelp.com//biz/kitchen-mouse-los-angeles	Kitchen Mouse	stars_4_half	40	$$	gluten_free, cafes, vegetarian	Highland Park	5904 N Figueroa St	Los Angeles	90042	(323) 259-9555	"Erica and Kitchen Mouse have been catering our photo shoots for years now and no exaggeration every client/art director/person on the shoot has left saying it was the best food they've ever\xe2\x80\xa6"
119	http://www.yelp.com//biz/sushi-gen-los-angeles	Sushi Gen	stars_4_half	2281	$$$	sushi, japanese	Little Tokyo, Downtown	422 E 2nd St	Los Angeles	90012	(213) 617-0552	'The fish is ALWAYS fresh and the toro is to die for. \xc2\xa0\xe2\x80\xa2 \xc2\xa0Sushi Gen is by far the best value lunch special ever. \xc2\xa0\xe2\x80\xa2 \xc2\xa0And if you love miso soup, their clam miso soup is soo tasty.'
120	http://www.yelp.com//biz/angelini-osteria-los-angeles	Angelini Osteria	stars_4_half	936	$$$	italian	Fairfax	7313 Beverly Blvd	Los Angeles	90036	(323) 297-0070	'i love Baby octopus salad and braised Artichoke with Garlic. \xc2\xa0\xe2\x80\xa2 \xc2\xa0Gnocchetti with bone marrow - The bone marrow was terrific. \xc2\xa0\xe2\x80\xa2 \xc2\xa0The branzino fish was great in taste and texture.'
121	http://www.yelp.com//biz/nue-studio-and-cafe-los-angeles	Nue Studio &amp; Cafe	stars_4_half	62	$$	hair, cafes	Larchmont	5156 Melrose Ave	Los Angeles	90004	(818) 314-3578	'Bonus facts: Todd is a sick DJ, ill beats, very knowledgeable. \xc2\xa0\xe2\x80\xa2 \xc2\xa0Much success to your new amazing salon. \xc2\xa0\xe2\x80\xa2 \xc2\xa0My stylist, Samantha, has a different technique for cutting hair.'
122	http://www.yelp.com//biz/masa-of-echo-park-los-angeles	Masa of Echo Park	stars_4	2012	$$	newamerican, pizza, bakeries	Echo Park	1800 W Sunset Blvd	Los Angeles	90026	(213) 989-1558	"Masa's bread pudding is hands down the best I've tasted in LA. \xc2\xa0\xe2\x80\xa2 \xc2\xa0The Manchego Salad was wonderful and filled w great flavor. \xc2\xa0\xe2\x80\xa2 \xc2\xa0Soft, Flaky crust, sweet/spicy sausage and mouth watering\xe2\x80\xa6"
123	http://www.yelp.com//biz/taste-of-tehran-los-angeles	Taste of Tehran	stars_4_half	210	$$	persian	West Los Angeles	1915 Westwood Blvd	Los Angeles	90025	(310) 470-0022	'My favorite is the chicken kabob and quinoa salad yummy, the chicken... \xc2\xa0\xe2\x80\xa2 \xc2\xa0The eggplant dip is as delicious as everyone says. \xc2\xa0\xe2\x80\xa2 \xc2\xa0I got the chicken koobideh and the hubby got the beef\xe2\x80\xa6'
124	http://www.yelp.com//biz/25-degrees-los-angeles	25 Degrees	stars_4	1284	$$	burgers	Hollywood	7000 Hollywood Blvd	Los Angeles	90028	(323) 785-7244	"Hands-down the best sweet potato fries I've ever had. \xc2\xa0\xe2\x80\xa2 \xc2\xa0the onion rings were soo delicious and not over-breaded. \xc2\xa0\xe2\x80\xa2 \xc2\xa0The Guinness Milkshake alone deserves the five stars."
125	http://www.yelp.com//biz/spicy-bbq-restaurant-los-angeles	Spicy BBQ Restaurant	stars_4_half	316	$$	bbq, thai	East Hollywood	5101 Santa Monica Blvd	Los Angeles	90029	(323) 663-4211	'I highly recommend the spicy jackfruit and the BBQ pork. \xc2\xa0\xe2\x80\xa2 \xc2\xa0This place is all about Northern Thai cusine. \xc2\xa0\xe2\x80\xa2 \xc2\xa0The pork patties, khao soi and glass noodles were all amazing.'
126	http://www.yelp.com//biz/the-must-los-angeles-2	The Must	stars_4	98	$$	salad, newamerican, sandwiches	Downtown	117 Winston St	Los Angeles	90013	(213) 628-2000	'Smashed tater tots- \xc2\xa0What was so great about this. \xc2\xa0\xe2\x80\xa2 \xc2\xa0The Pork pie is delicious and so is the Pinot Noir. \xc2\xa0\xe2\x80\xa2 \xc2\xa02 \xc2\xa0Amazing appetizers and drinks, happy hour was a great value also.'
127	http://www.yelp.com//biz/emc-seafood-and-raw-bar-los-angeles	EMC Seafood &amp; Raw Bar	stars_4	753	$$	seafood, raw_food	Koreatown, Wilshire Center	3500 W 6th St	Los Angeles	90020	(213) 351-9988	'i cant wait to go back and eat some more oysters. \xc2\xa0\xe2\x80\xa2 \xc2\xa0I cant wait to come back for happy hour next time. \xc2\xa0\xe2\x80\xa2 \xc2\xa0I highly recommend the lobster roll and of course, oysters.'
128	http://www.yelp.com//biz/all-angolo-pizza-and-pasta-los-angeles	All\xe2\x80\x99 Angolo Pizza &amp; Pasta	stars_4_half	349	$$	pizza, italian	Koreatown, Wilshire Center	4050 W 3rd St	Los Angeles	90020	(213) 368-7888	'I order the pizza Emiliana and the cannelloni both very delicious. \xc2\xa0\xe2\x80\xa2 \xc2\xa0Penne alla Boscaiola - this is the only pasta i get lol. \xc2\xa0\xe2\x80\xa2 \xc2\xa0Great Italian food and thin crust european style pizza in\xe2\x80\xa6'
129	http://www.yelp.com//biz/sea-dragon-chinese-restaurant-los-angeles	Sea Dragon Chinese Restaurant	stars_4_half	96	$	chinese	Koreatown	101 S Vermont Ave	Los Angeles	90004	(213) 382-9993	"Mapa' tofu is on point and orange chicken can't get any better. \xc2\xa0\xe2\x80\xa2 \xc2\xa0The egg rolls are the best I've ever had, btw. \xc2\xa0\xe2\x80\xa2 \xc2\xa0The chow mein was delicious, the noodles were not dried out nor..."
130	http://www.yelp.com//biz/fat-sals-deli-los-angeles-3	Fat Sal\xe2\x80\x99s Deli	stars_4	326	$$	sandwiches, burgers, hotdog	Hollywood	1300 N Highland Ave	Los Angeles	90028	(855) 682-4373	'I ordered the Fat Texas BBQ and omg, it was amazing. \xc2\xa0\xe2\x80\xa2 \xc2\xa0Mmm buffalo chicken, french fries, mozzarella sticks, mmmm. \xc2\xa0\xe2\x80\xa2 \xc2\xa0The Fat Jerry is a wonderful cheesesteak as its foundation.'
131	http://www.yelp.com//biz/carlitos-gardel-restaurant-los-angeles	Carlitos Gardel Restaurant	stars_4_half	473	$$$	argentine, steak	Beverly Grove	7963 Melrose Ave	Los Angeles	90046	(323) 655-0891	"I especially love the gnocchi and garlic fries. \xc2\xa0\xe2\x80\xa2 \xc2\xa0I also loved their dulce de leche chocolate cake. \xc2\xa0\xe2\x80\xa2 \xc2\xa0Don't forget to order the Papas Fritas Provenzal."
132	http://www.yelp.com//biz/churros-calientes-los-angeles	Churros Calientes	stars_4_half	759	$	spanish, desserts, mexican	Sawtelle	11521 Santa Monica Blvd	Los Angeles	90025	(424) 248-3890	"hands down best churro and hot chocolate in los angeles. \xc2\xa0\xe2\x80\xa2 \xc2\xa0Can't wait to go back and try a new type of churro. \xc2\xa0\xe2\x80\xa2 \xc2\xa0I highly recommend the guava and cream cheese dipping sauce."
133	http://www.yelp.com//biz/la-cevicheria-los-angeles	La Cevicheria	stars_4	448	$$	seafood	Arlington Heights	3809 W Pico Blvd	Los Angeles	90019	(323) 732-1253	"I'm definitely coming back and trying the Peruvian Ceviche. \xc2\xa0\xe2\x80\xa2 \xc2\xa0The bloody clams paired with the limemade made a great dinner. \xc2\xa0\xe2\x80\xa2 \xc2\xa0Hands down the best fish tacos I have ever had."
134	http://www.yelp.com//biz/stella-barra-pizzeria-los-angeles	Stella Barra Pizzeria	stars_4_half	380	$$	pizza	Hollywood	6372 W Sunset Blvd	Los Angeles	90028	(323) 301-4001	'For meat eaters, the prosciutto and farm egg pizza is delicious. \xc2\xa0\xe2\x80\xa2 \xc2\xa0Shaved mushroom thyme, rosemary, on thin roman style crust. \xc2\xa0\xe2\x80\xa2 \xc2\xa0You also must try the salted chocolate chip cookie.'
135	http://www.yelp.com//biz/marugame-monzo-los-angeles-2	Marugame Monzo	stars_4	727	$$	japanese	Little Tokyo, Downtown	329 E 1st St	Los Angeles	90012	(213) 346-9762	"I can't wait to come back and try all the signature udon dishes. \xc2\xa0\xe2\x80\xa2 \xc2\xa0Definitely going back for Mentai Squid Butter Udon. \xc2\xa0\xe2\x80\xa2 \xc2\xa0Beef Tataki (12.97) Wow, beautiful plate presentation."
136	http://www.yelp.com//biz/melachias-savory-meals-los-angeles	Melachia\xe2\x80\x99s Savory Meals	stars_4_half	44	$	burgers, soulfood	Baldwin Hills/Crenshaw	3745 S La Brea Ave	Los Angeles	90016	(323) 299-9173	'The kale salad has a yummy dressing on it. \xc2\xa0\xe2\x80\xa2 \xc2\xa07$ for a pulled pork sandwich piled with 2" of meat with a side. \xc2\xa0\xe2\x80\xa2 \xc2\xa0it\'s HIDDEN BEHIND CHASE BANK and CALIFORNIA STEAK AND FRIES.'
137	http://www.yelp.com//biz/the-golden-state-los-angeles	The Golden State	stars_4	972	$$	burgers, gastropubs, sandwiches	Fairfax	426 N Fairfax Ave	Los Angeles	90036	(323) 782-8331	"Gotta try their sweet potato wedges with the garlic aioli. \xc2\xa0\xe2\x80\xa2 \xc2\xa0You'll definitely want to try both the regular and curry ketchup. \xc2\xa0\xe2\x80\xa2 \xc2\xa0beer float - with scoops pistachio ice cream - nice."
138	http://www.yelp.com//biz/chunju-han-il-kwan-los-angeles	Chunju Han-il Kwan	stars_4	371	$$	korean	Koreatown, Wilshire Center	3450 W 6th St	Los Angeles	90020	(213) 480-1799	'Everyone suggest that they have the best \xc2\xa0budae jjigae \xc2\xa0so. \xc2\xa0\xe2\x80\xa2 \xc2\xa0love love love all the different and many many side dishes. \xc2\xa0\xe2\x80\xa2 \xc2\xa0I recommend some Jak Gok Bap (purple rice) to pair with the\xe2\x80\xa6'
139	http://www.yelp.com//biz/eat-drink-americano-los-angeles-2	Eat Drink Americano	stars_4	281	$$	gastropubs, newamerican	Arts District, Downtown	923 E 3rd St	Los Angeles	90013	(213) 620-0781	'Honey blond ale to go pair with braised oxtail sliders. \xc2\xa0\xe2\x80\xa2 \xc2\xa0Our favorite was definitely the Soft Shell Crab Sandwich. \xc2\xa0\xe2\x80\xa2 \xc2\xa0Steak tartare with mustard ice cream - Another favorite of ours.'
140	http://www.yelp.com//biz/cleo-los-angeles	Cleo	stars_4	939	$$$	mediterranean, venues, tapasmallplates	Hollywood	1717 Vine St	Los Angeles	90028	(323) 962-1711	'Sticky toffee pudding - to die for, definitely the best dessert. \xc2\xa0\xe2\x80\xa2 \xc2\xa0and the redbury hotel was really cool and eclectic, too. \xc2\xa0\xe2\x80\xa2 \xc2\xa0Lebaneh with feta - think, sour, fresh bread with fresh dip.'
141	http://www.yelp.com//biz/bossa-nova-brazilian-cuisine-los-angeles-4	Bossa Nova on Sunset	stars_4	1606	$$	brazilian	Hollywood	7181 W Sunset Blvd	Los Angeles	90046	(323) 436-7999	"Traditional Chicken Breast with black beans/rice/plantains. \xc2\xa0\xe2\x80\xa2 \xc2\xa0I've never had Yucca flour before, but it added amazing flavor. \xc2\xa0\xe2\x80\xa2 \xc2\xa0Great late night place as well as for\xe2\x80\xa6"
142	http://www.yelp.com//biz/craft-los-angeles	Craft	stars_4	1132	$$$$	newamerican	Century City	10100 Constellation Blvd	Los Angeles	90067	(310) 279-4180	'a dessert amuse bouche of cucumber sorbet and melons. \xc2\xa0\xe2\x80\xa2 \xc2\xa0Roasted Butterball Potatoes Assorted Mushrooms. \xc2\xa0\xe2\x80\xa2 \xc2\xa0Cr\xc3\xa8me Fraiche Panna Cotta, Blood Orange &amp; Honey Almond Tuile.'
143	http://www.yelp.com//biz/kobawoo-house-los-angeles	Kobawoo House	stars_4	582	$$	korean	Koreatown, Wilshire Center	698 S Vermont Ave	Los Angeles	90005	(213) 389-7300	'This is a great place to go with friends and try the bossam. \xc2\xa0\xe2\x80\xa2 \xc2\xa0pork bossam and seafood pancake was sooooo yummmy. \xc2\xa0\xe2\x80\xa2 \xc2\xa0cant wait to go back for more pork belly.'
144	http://www.yelp.com//biz/the-bellevue-steakhouse-los-angeles	The Bellevue Steakhouse	stars_4_half	44	$	streetvendors, mexican	Echo Park	1415 Bellevue Ave	Los Angeles	90026		"I even took my mom here, and even she fell in love with the suadero. \xc2\xa0\xe2\x80\xa2 \xc2\xa0Flavorful meat, flavorful salsa, no other tacos compare. \xc2\xa0\xe2\x80\xa2 \xc2\xa0I've had the carne asada and al pastor, both meats are\xe2\x80\xa6"
145	http://www.yelp.com//biz/mendocino-farms-los-angeles-5	Mendocino Farms	stars_4_half	201	$$	sandwiches, salad	Downtown	735 S Figueroa St	Los Angeles	90071	(213) 430-9040	'I adore the Kurobuta Pork Belly Banh Mi. \xc2\xa0\xe2\x80\xa2 \xc2\xa0I\'ve tried the "Not So Fried Chicken" sandwich, and the Vegan Shwarma. \xc2\xa0\xe2\x80\xa2 \xc2\xa0I came back the next day and got the Steak BLT.'
146	http://www.yelp.com//biz/l-assiette-los-angeles	L\xe2\x80\x99Assiette	stars_4_half	58	$$	steak, french, wine_bars	Fairfax	7166 Melrose Ave	Los Angeles	90046	(323) 274-2319	'We were supposed to go to the sushi place down the street... but found this restaurant randomly on the way, walked in just to check the menu and was greeted by the lovely owner John. We felt\xe2\x80\xa6'
147	http://www.yelp.com//biz/the-sycamore-kitchen-los-angeles-2	The Sycamore Kitchen	stars_4	344	$$	cafes, bakeries	Fairfax	143 S La Brea Ave	Los Angeles	90036	(323) 939-0151	'I highly suggest their salted caramel pecan babka roll. \xc2\xa0\xe2\x80\xa2 \xc2\xa0Pork belly hash: Flavorful and delicious. \xc2\xa0\xe2\x80\xa2 \xc2\xa0Some of the best pastries in town and at shockingly good pricing.'
148	http://www.yelp.com//biz/tacos-el-compita-los-angeles	Tacos El Compita	stars_4_half	76	$	mexican	Mid-Wilshire	4477 W Pico Blvd	Los Angeles	90019		'The carne asada and al pastor were oh wee good. \xc2\xa0\xe2\x80\xa2 \xc2\xa0I always go with carne asada tacos, mulitas, or a burrito. \xc2\xa0\xe2\x80\xa2 \xc2\xa0Just found my new favorite taco spot.'
149	http://www.yelp.com//biz/taco-man-los-angeles	Taco Man	stars_4_half	41	$	mexican	Boyle Heights	1602 N Soto St	Los Angeles	90033	(323) 222-6560	"We usually get carne asada tacos, al pastor tacos, and horchata. \xc2\xa0\xe2\x80\xa2 \xc2\xa0I'm usually a carne asada guy so it was delicious here. \xc2\xa0\xe2\x80\xa2 \xc2\xa0They have a bar with great salsas and cucumbers."
150	http://www.yelp.com//biz/plan-check-kitchen-bar-los-angeles	Plan Check Kitchen + Bar	stars_4	216	$$	newamerican, burgers, bars, tradamerican	Beverly Grove	351 N Fairfax Ave	Los Angeles	90036	(310) 288-6500	"Loved the sweet potato waffle fries and the crab dip. \xc2\xa0\xe2\x80\xa2 \xc2\xa0Don't forget to order the cruller donuts. \xc2\xa0\xe2\x80\xa2 \xc2\xa0I had the chef's favorite burger and the beast style fries."
151	http://www.yelp.com//biz/starry-kitchen-x-grand-star-los-angeles	Starry Kitchen x Grand Star	stars_4_half	73	$$	asianfusion	Chinatown	943 N Broadway	Los Angeles	90012	(213) 814-1123	'The tofu balls of course were amazing. \xc2\xa0\xe2\x80\xa2 \xc2\xa0My favorite of course was their Singaporean Chili Crab. \xc2\xa0\xe2\x80\xa2 \xc2\xa0Had the insanely good pork belly fried rice instead.'
152	http://www.yelp.com//biz/bacaro-la-los-angeles	Bacaro LA	stars_4	748	$$	italian, wine_bars	University Park	2308 S Union Ave	Los Angeles	90007	(213) 748-7205	"i can't wait to go back and try the steak and their bread pudding. \xc2\xa0\xe2\x80\xa2 \xc2\xa0My personal favorite is probably the lamb stuffed eggplant. \xc2\xa0\xe2\x80\xa2 \xc2\xa0Bacon and Brie Pizza - very popular and satisfying."
153	http://www.yelp.com//biz/el-huarachito-los-angeles	El Huarachito	stars_4_half	232	$	mexican	Lincoln Heights	3010 N Broadway	Los Angeles	90031	(323) 223-0476	'plato campesino &amp; cafe de olla = best breakfast in the world. \xc2\xa0\xe2\x80\xa2 \xc2\xa0Hands down the best huevos rancheros of my life. \xc2\xa0\xe2\x80\xa2 \xc2\xa0Get their Chilaquiles because they make your stomach HAPPY.'
154	http://www.yelp.com//biz/marios-peruvian-and-seafood-los-angeles	Mario\xe2\x80\x99s Peruvian &amp; Seafood	stars_4	1331	$$	seafood, peruvian	Hancock Park	5786 Melrose Ave	Los Angeles	90038	(323) 466-4181	"Mario's is probably my favorite place to come eat Lomo Saltado. \xc2\xa0\xe2\x80\xa2 \xc2\xa0I'd definitely come back - next time I'll try the ceviche. \xc2\xa0\xe2\x80\xa2 \xc2\xa0If you like sea food try the jalea de mariscos."
155	http://www.yelp.com//biz/olympic-noodle-los-angeles	Olympic Noodle	stars_4	170	$	korean	Arlington Heights	4008 W Olympic Blvd	Los Angeles	90019	(323) 931-0007	"Oh and you can't forget how wonderful the fresh kimchi is. \xc2\xa0\xe2\x80\xa2 \xc2\xa0I've finally found thee best place for chicken noodle soup. \xc2\xa0\xe2\x80\xa2 \xc2\xa0Don't forget the steamed dumplings - they're great."
156	http://www.yelp.com//biz/andres-italian-restaurant-los-angeles	Andre\xe2\x80\x99s Italian Restaurant	stars_4	573	$	italian	Mid-Wilshire	6332 W 3rd St	Los Angeles	90036	(323) 935-1246	'Awesome pasta with huge portions and delicious meat sauce. \xc2\xa0\xe2\x80\xa2 \xc2\xa0Also, make sure to try a piece of their amazing GARLIC BREAD. \xc2\xa0\xe2\x80\xa2 \xc2\xa0Oh make sure to try the gelato ice cream too.'
157	http://www.yelp.com//biz/elf-caf%C3%A9-los-angeles-2	Elf Caf\xc3\xa9	stars_4_half	456	$$	vegetarian	Echo Park	2135 W Sunset Blvd	Los Angeles	90026		'The ability to bring your own wine is also a winner. \xc2\xa0\xe2\x80\xa2 \xc2\xa0Such delicious food that happens to be veg/vegan. \xc2\xa0\xe2\x80\xa2 \xc2\xa0The cornmeal and herb dusted crispy oyster mushrooms made me cry.'
158	http://www.yelp.com//biz/morrison-los-angeles	Morrison	stars_4	278	$$	gastropubs	Atwater Village	3179 Los Feliz Blvd	Los Angeles	90039	(323) 667-1839	'Warm Bread Pudding W/Caramel Sauce - A-M-A-Z-I-N-G. \xc2\xa0\xe2\x80\xa2 \xc2\xa0I had the Duck Mac-n-Cheese and the Scotch Egg. \xc2\xa0\xe2\x80\xa2 \xc2\xa0Happy hour is great too, 3-6 every day.'
159	http://www.yelp.com//biz/louies-of-mar-vista-los-angeles	Louie\xe2\x80\x99s of Mar Vista	stars_4	137	$$	newamerican	Mar Vista	3817 Grand View Ave	Los Angeles	90066	(310) 915-5300	'Kahlua Pig Monte Cristo Egg Rolls ($9) are like wOw. \xc2\xa0\xe2\x80\xa2 \xc2\xa0The bacon fries and bread pudding were addicting. \xc2\xa0\xe2\x80\xa2 \xc2\xa0To finish, we had to try the Bread Pudding with Salted Caramel.'
160	http://www.yelp.com//biz/blue-palms-brewhouse-los-angeles	Blue Palms Brewhouse	stars_4	471	$$	gastropubs, pubs	Hollywood	6124 Hollywood Blvd	Los Angeles	90028	(323) 464-2337	"The Lobster Mac and Cheese is delicious and Good Beer Selection. \xc2\xa0\xe2\x80\xa2 \xc2\xa0They have the best sweet potato fries I've ever eaten as well. \xc2\xa0\xe2\x80\xa2 \xc2\xa0Great beer selection and knowledgeable staff."
161	http://www.yelp.com//biz/pingtung-eat-in-market-los-angeles	PINGTUNG Eat-in Market	stars_4	244	$$	asianfusion, dimsum, sandwiches	Fairfax	7455 Melrose Ave	Los Angeles	90046	(323) 866-1866	'The spicy crystal shrimp dumplings are BOMB. \xc2\xa0\xe2\x80\xa2 \xc2\xa0Such a cute place, back patio is sooo relaxing. \xc2\xa0\xe2\x80\xa2 \xc2\xa0The scallion pancake was tasty and not greasy.'
162	http://www.yelp.com//biz/ink-los-angeles-2	Ink	stars_4	1093	$$$$	newamerican	Beverly Grove	8360 Melrose Ave	Los Angeles	90069	(323) 651-5866	'Egg yolk gnocchi with mushroom \xc2\xa0- Another amazing dish. \xc2\xa0\xe2\x80\xa2 \xc2\xa0Thank you Michael Voltaggio for an amazing taste bud adventure. \xc2\xa0\xe2\x80\xa2 \xc2\xa0Beef Tartare-fantastic beef flavor, horseradish intense \xc2\xa0A.'
163	http://www.yelp.com//biz/mikes-deli-los-angeles	Mike\xe2\x80\x99s Deli	stars_4_half	219	$	delis, salad, sandwiches	View Park/Windsor Hills	4859 W Slauson Ave	Los Angeles	90056	(323) 298-5960	"and if you know Boar's Head, you know their ish is top notch. \xc2\xa0\xe2\x80\xa2 \xc2\xa0My personal favorite is the turkey club on squaw bread. \xc2\xa0\xe2\x80\xa2 \xc2\xa0Try the turkey club on a croissant, it's excellent and huge."
164	http://www.yelp.com//biz/gang-nam-tofu-los-angeles	Gang Nam Tofu	stars_4_half	139	$$	korean, bbq, soup	Hollywood	6909 Melrose Ave	Los Angeles	90036	(323) 965-8638	"The selection of banchan was amazing and wonderfully seasoned. \xc2\xa0\xe2\x80\xa2 \xc2\xa0Digging the wide array of side dishes + soon tofu soup. \xc2\xa0\xe2\x80\xa2 \xc2\xa0Seafood pancake is the best I've had, hands down."
165	http://www.yelp.com//biz/joans-on-third-los-angeles	Joan\xe2\x80\x99s on Third	stars_4	1311	$$	gourmet, bakeries, breakfast_brunch	Beverly Grove	8350 W 3rd St	Los Angeles	90048	(323) 655-2285	"The short rib sandwich is definitely a must try. \xc2\xa0\xe2\x80\xa2 \xc2\xa0I can't wait to go back to get Joan's Cupcakes. \xc2\xa0\xe2\x80\xa2 \xc2\xa0I particularly love the Chinese Chicken Salad and the Salad Trio."
166	http://www.yelp.com//biz/california-chicken-cafe-los-angeles	California Chicken Cafe	stars_4	444	$	newamerican	Hollywood	6805 Melrose Ave	Los Angeles	90038	(323) 935-5877	"I always get the Chinese Chicken Salad ($9.50)- it's the best. \xc2\xa0\xe2\x80\xa2 \xc2\xa0But I also LOVE the Rotisserie chicken melts off the bone. \xc2\xa0\xe2\x80\xa2 \xc2\xa0If I'm feeling crazy I get a side of the roasted potatoes."
167	http://www.yelp.com//biz/mexicali-taco-and-co-los-angeles-2	Mexicali Taco &amp; Co	stars_4	328	$	mexican	Chinatown	702 N Figueroa St	Los Angeles	90012	(213) 613-0416	'My absolute favorite thing I had was the Vampiro with chicken. \xc2\xa0\xe2\x80\xa2 \xc2\xa0The salsa bar is super fresh, wonderful guacamole salsa. \xc2\xa0\xe2\x80\xa2 \xc2\xa0The pollo and carne asada are both excellent.'
168	http://www.yelp.com//biz/the-addiction-bistro-los-angeles-2	The Addiction Bistro	stars_4	550	$$	gluten_free, burgers, italian	Beverly Grove	408 N La Cienega Blvd	Los Angeles	90048	(323) 203-1793	"Had the WeHo burger, prime rib chili fries and both were amazing. \xc2\xa0\xe2\x80\xa2 \xc2\xa0I topped off my meal with the homemade ice cream. \xc2\xa0\xe2\x80\xa2 \xc2\xa0I haven't tried the whole menu, but the hot dogs are wonderful."
169	http://www.yelp.com//biz/los-molcajetes-los-angeles-6	Los Molcajetes	stars_4_half	64	$	latin	Westlake	1800 W 8th St	Los Angeles	90057	(213) 388-8994	'this place is hands down the best pupuseria i have been to so far in... \xc2\xa0\xe2\x80\xa2 \xc2\xa0My favorite ones are the revuelata, frijole, and queso con loroco. \xc2\xa0\xe2\x80\xa2 \xc2\xa0They also have good empanadas de leche and\xe2\x80\xa6'
170	http://www.yelp.com//biz/mariscos-4-vientos-los-angeles	Mariscos 4 Vientos	stars_4_half	244	$	mexican, foodstands, seafood	Boyle Heights	3000 E Olympic Blvd	Los Angeles	90023	(323) 266-4045	"Hands down the best shrimp tacos in Los Angeles. \xc2\xa0\xe2\x80\xa2 \xc2\xa0I can't wait to try the agua chile next time around. \xc2\xa0\xe2\x80\xa2 \xc2\xa0TOSTADA MIXTA - PURE SEAFOOD GOODNESS - MUST HAVE TOP CHOICE."
171	http://www.yelp.com//biz/hyperion-public-los-angeles	Hyperion Public	stars_4	251	$$	gastropubs, newamerican, breakfast_brunch	Silver Lake	2538 Hyperion Ave	Los Angeles	90027	(323) 761-6440	'The truffle mac and cheese was soooo yummy. \xc2\xa0\xe2\x80\xa2 \xc2\xa0Next time I am going to try the Salted Caramel Pie. \xc2\xa0\xe2\x80\xa2 \xc2\xa0Do me a favor and order the avocado fries.'
172	http://www.yelp.com//biz/messhall-los-angeles-2	MESSHALL	stars_3_half	507	$$	tradamerican, gastropubs	Los Feliz	4500 Los Feliz Blvd	Los Angeles	90027	(323) 660-6377	"I had the kale salad and corn fritters, all of it was good. \xc2\xa0\xe2\x80\xa2 \xc2\xa0On Tuesdays they have $5.00 draft craft beers and $1.00 oysters. \xc2\xa0\xe2\x80\xa2 \xc2\xa0I love the cocktails - and don't miss the banana creme pie."
173	http://www.yelp.com//biz/restaurant-komasa-los-angeles	Restaurant Komasa	stars_4	890	$$	sushi, japanese	Little Tokyo, Downtown	351 E 2nd St	Los Angeles	90012	(213) 680-1792	'Old favorites include the salmon and sweet shrimp nigiri. \xc2\xa0\xe2\x80\xa2 \xc2\xa0Love the spicy tuna - everything is so fresh and prices are good. \xc2\xa0\xe2\x80\xa2 \xc2\xa0Fresh sashimi and great value through and through.'
174	http://www.yelp.com//biz/c-and-m-cafe-los-angeles	C&amp;M Cafe	stars_4_half	173	$	cafes, coffee, delis	Palms	3272 Motor Ave	Los Angeles	90034	(310) 694-1516	'OMG The Eggsential Breakfast Sandwich is incredible. \xc2\xa0\xe2\x80\xa2 \xc2\xa0cinnamon roll french toast sandwich,organic egg, applewood smoked... \xc2\xa0\xe2\x80\xa2 \xc2\xa0But I hope I will return, especially to try the Ginger\xe2\x80\xa6'
175	http://www.yelp.com//biz/forage-los-angeles	Forage	stars_4	587	$$	newamerican, catering	Silver Lake	3823 W Sunset Blvd	Los Angeles	90026	(323) 663-6885	"BEST pork belly sandwich I've ever had, hands down. \xc2\xa0\xe2\x80\xa2 \xc2\xa0Mac and cheese is amazing and I LOVE the kale/arugala salad. \xc2\xa0\xe2\x80\xa2 \xc2\xa0awesome that they have cookies and cakes plus blue bottle coffee."
176	http://www.yelp.com//biz/nachos-tacos-y-tortas-los-angeles	Nacho\xe2\x80\x99s Tacos Y Tortas	stars_4_half	43	$	foodtrucks, mexican	Hollywood		Los Angeles	90038	(323) 365-5347	'One of the best taco truck I have ever been to. \xc2\xa0\xe2\x80\xa2 \xc2\xa0I mean we all know Al Pastor best of the taco meats but this AL... \xc2\xa0\xe2\x80\xa2 \xc2\xa0I cant wait to try my carne asada burrito but after tasting those\xe2\x80\xa6'
177	http://www.yelp.com//biz/philippe-the-original-los-angeles	Philippe the Original	stars_4	3724	$	sandwiches, breakfast_brunch, french	Chinatown	1001 N Alameda St	Los Angeles	90012	(213) 628-3781	"Love the roast beef sandwiches always get them double dipped. \xc2\xa0\xe2\x80\xa2 \xc2\xa0The cheesecake and potato salad are both awesome sides. \xc2\xa0\xe2\x80\xa2 \xc2\xa0I can't stress how amazing their lamb sandwiches are."
178	http://www.yelp.com//biz/taqueria-los-anaya-los-angeles	Taqueria Los Anaya	stars_4_half	286	$	mexican	West Adams	4651 W Adams Blvd	Los Angeles	90016	(323) 731-4070	'Lengua tacos were perfect, tender meet and perfect spices. \xc2\xa0\xe2\x80\xa2 \xc2\xa0My husband LOVES the carne asada burrito here. \xc2\xa0\xe2\x80\xa2 \xc2\xa0Homemade bread pudding with caramel sauce.'
179	http://www.yelp.com//biz/myung-dong-kyoja-los-angeles	Myung Dong Kyoja	stars_4	577	$	korean	Koreatown, Wilshire Center	3630 Wilshire Blvd	Los Angeles	90010	(213) 385-7789	'I am a huge fan of kal gook soo and it was soooo good. \xc2\xa0\xe2\x80\xa2 \xc2\xa0The dumplings are plump little juicy pillows of goodness. \xc2\xa0\xe2\x80\xa2 \xc2\xa0Red kimchi is too spice but white kimchi is delicious.'
180	http://www.yelp.com//biz/guelaguetza-restaurante-los-angeles	Guelaguetza Restaurante	stars_4	601	$$	mexican	Harvard Heights	3014 W Olympic Blvd	Los Angeles	90006	(213) 427-0608	"I highly recommend this to anyone who loves mole or Oaxacan good. \xc2\xa0\xe2\x80\xa2 \xc2\xa0Can't wait to get back and try out more of their Oaxacan dishes. \xc2\xa0\xe2\x80\xa2 \xc2\xa0I definitely recommend for anyone to get the\xe2\x80\xa6"
181	http://www.yelp.com//biz/bento-man-los-angeles	Bento Man	stars_4	107	$	japanese	Harvard Heights	1500 S Western Ave	Los Angeles	90006	(323) 733-5316	"Lunch for under 10$ the curry is great and katsudon is amazing. \xc2\xa0\xe2\x80\xa2 \xc2\xa0Bento-man's katsudon comfort food is delicious, and it's sold for a... \xc2\xa0\xe2\x80\xa2 \xc2\xa0...the mini bowls of curry and teriyaki and you\xe2\x80\xa6"
182	http://www.yelp.com//biz/the-boiling-crab-los-angeles	The Boiling Crab	stars_4	1204	$$	seafood, cajun	Koreatown, Wilshire Center	3377 Wilshire Blvd	Los Angeles	90017	(213) 389-2722	'I always get the Whole Sha-bang medium and it never disappoints. \xc2\xa0\xe2\x80\xa2 \xc2\xa0I love the king crab legs and get them every time. \xc2\xa0\xe2\x80\xa2 \xc2\xa0It is amazing i always get crawfish and shrimp with it.'
183	http://www.yelp.com//biz/lemon-poppy-kitchen-los-angeles	Lemon Poppy Kitchen	stars_4	218	$	cafes, breakfast_brunch, coffee	Glassell Park	3324 Verdugo Rd	Los Angeles	90065	(323) 739-0012	"If you like sweet potatoes, you'll love their Sweet potato hash. \xc2\xa0\xe2\x80\xa2 \xc2\xa0Loved the red pepper Plachinta, Plum cake, and coffee. \xc2\xa0\xe2\x80\xa2 \xc2\xa0The polenta cakes are seasoned with herbs and great with the\xe2\x80\xa6"
184	http://www.yelp.com//biz/monte-52-los-angeles	Monte 52	stars_4_half	68	$	sandwiches	Highland Park	5200 Monte Vista St	Los Angeles	90042	(818) 626-0822	'Apparently, the fried chicken sandwich was "really good" as well. \xc2\xa0\xe2\x80\xa2 \xc2\xa0A great addition to my favorite corner store. \xc2\xa0\xe2\x80\xa2 \xc2\xa0Well-priced and made with fresh, high quality ingredients.'
185	http://www.yelp.com//biz/tlt-food-los-angeles	TLT Food	stars_4	443	$$	newamerican	Westwood, UCLA	1116 Westwood Blvd	Los Angeles	90024	(310) 443-4433	'JUST GET THE AHI TUNA TACOS AND PORK BELLY NACHOS. \xc2\xa0\xe2\x80\xa2 \xc2\xa0pprk belly nachos and carnitas fries are simply amazing. \xc2\xa0\xe2\x80\xa2 \xc2\xa0Their blue crab grilled cheese is amazing.'
186	http://www.yelp.com//biz/5-line-los-angeles-2	5 Line	stars_4_half	56	$$	bars, italian	Eagle Rock	2136 Colorado Blvd	Los Angeles	90041	(323) 255-8500	"50 beers on tap, Hopefully these will rotate from time to time. \xc2\xa0\xe2\x80\xa2 \xc2\xa0Great addition to the neighborhood, so glad they're open. \xc2\xa0\xe2\x80\xa2 \xc2\xa0Plenty of flatscreens to watch games."
187	http://www.yelp.com//biz/son-of-a-gun-los-angeles	Son of a Gun	stars_4	966	$$$	seafood	Beverly Grove	8370 W 3rd St	Los Angeles	90048	(323) 782-9033	'Shrimp toast-- soo creative, very yummyy (must order. \xc2\xa0\xe2\x80\xa2 \xc2\xa0The best fried chicken sandwich lives down the street from me. \xc2\xa0\xe2\x80\xa2 \xc2\xa0Lobster roll - buttery and bread was perfectly toasted.'
188	http://www.yelp.com//biz/cafe-los-feliz-los-angeles	Cafe Los Feliz	stars_4_half	267	$	bakeries, coffee, sandwiches	Los Feliz	2118 Hillhurst Ave	Los Angeles	90027	(323) 664-7111	"The veggie and cheese croissants were all delicious as well. \xc2\xa0\xe2\x80\xa2 \xc2\xa0Can't wait to go back and try all the other mouth watering pastries. \xc2\xa0\xe2\x80\xa2 \xc2\xa0The chipotle sauce makes the breakfast burrito taste\xe2\x80\xa6"
189	http://www.yelp.com//biz/roscoes-house-of-chicken-and-waffles-los-angeles-3	Roscoe\xe2\x80\x99s House of Chicken &amp; Waffles	stars_4	2058	$$	southern, breakfast_brunch, soulfood	Hollywood	1514 N Gower St	Los Angeles	90028	(323) 466-7453	"Roscoe's is hands down THE BEST Waffle House in CALIFORINA. \xc2\xa0\xe2\x80\xa2 \xc2\xa0Make sure you try the mac and cheese and the greens. \xc2\xa0\xe2\x80\xa2 \xc2\xa0Delicious crispy fried chicken with equally amazing gravy."
190	http://www.yelp.com//biz/the-little-door-los-angeles	The Little Door	stars_4	1071	$$$	french, seafood, steak	Beverly Grove	8164 W 3rd St	Los Angeles	90048	(323) 951-1210	'It not only has amazing food and service, but it is so romantic. \xc2\xa0\xe2\x80\xa2 \xc2\xa0Oh mon dieu, it is the buttery, rich foie gras of the sea. \xc2\xa0\xe2\x80\xa2 \xc2\xa0my loup de mer was perfectly crusted and tasty.'
191	http://www.yelp.com//biz/bird-n-hand-los-angeles	Bird N Hand	stars_5	20	$$	southern, chicken_wings, comfortfood	Beverly Grove	339 N Fairfax Ave	Los Angeles	90048	(323) 951-0039	'Ordered the Szechaun thighs, harissa wings, tater tots, corn muffins and salad. \xc2\xa0The thighs were excellent. \xc2\xa0Boneless, fried, in a sweet and tangy sauce. \xc2\xa0Absolutely delicious and served with\xe2\x80\xa6'
192	http://www.yelp.com//biz/tofu-and-noodles-los-angeles-2	Tofu and Noodles	stars_5	27	$	korean	Koreatown, Wilshire Center	3068 W 8th St	Los Angeles	90005	(213) 915-0256	'I love their spicy rice cake and it comes with \xc2\xa0side dishes. \xc2\xa0\xe2\x80\xa2 \xc2\xa0up until I came across ul keun ee kal gook soo at T&amp;N. \xc2\xa0\xe2\x80\xa2 \xc2\xa0i would definitely recommend this place to friends.'
193	http://www.yelp.com//biz/froma-los-angeles	Froma	stars_4_half	143	$$	gourmet, delis, beer_and_wine	Beverly Grove	7960 Melrose Ave	Los Angeles	90046	(323) 653-3700	"It was by far the best panini I've ever had. \xc2\xa0\xe2\x80\xa2 \xc2\xa0The meats, vegetables and cheeses are all perfection. \xc2\xa0\xe2\x80\xa2 \xc2\xa0I never knew cheese could be dessert until I met Francine."
194	http://www.yelp.com//biz/pizzeria-mozza-los-angeles	Pizzeria Mozza	stars_4	2823	$$$	pizza, italian, sandwiches	Hancock Park	641 N Highland Ave	Los Angeles	90036	(323) 297-0101	'HOUSE MADE fennel sausage, panna, red onion, and scallions. \xc2\xa0\xe2\x80\xa2 \xc2\xa0Butterscotch Budino - The perfect blend of sweet and savory. \xc2\xa0\xe2\x80\xa2 \xc2\xa0Awesome fried potatoes and ricotta stuffed squash blossoms.'
195	http://www.yelp.com//biz/roscoes-house-of-chicken-and-waffles-los-angeles	Roscoe\xe2\x80\x99s House of Chicken &amp; Waffles	stars_4	1564	$$	breakfast_brunch, soulfood	Mid-City	5006 W Pico Blvd	Los Angeles	90019	(323) 934-4405	"Other items are delicious as well - grits, mac n cheese, corn. \xc2\xa0\xe2\x80\xa2 \xc2\xa0Definitely got the best fried chicken &amp; waffle. \xc2\xa0\xe2\x80\xa2 \xc2\xa0and i definitely love love love roscoe's chicken and gravy."
196	http://www.yelp.com//biz/daves-bbq-and-grill-los-angeles	Dave\xe2\x80\x99s BBQ &amp; Grill	stars_4_half	41	$	bbq, tradamerican	East Hollywood	5185 W Sunset Blvd	Los Angeles	90027	(323) 928-2448	"Cheaper than Korean BBQ, but you don't leave hating yourself. \xc2\xa0\xe2\x80\xa2 \xc2\xa0...food but can't decide on Asian BBQ or hot pot - Dave's has both. \xc2\xa0\xe2\x80\xa2 \xc2\xa0Its thai korean bbq i like the style, garlic pork\xe2\x80\xa6"
197	http://www.yelp.com//biz/foodlab-los-angeles-2	Foodlab	stars_4	298	$$	coffee, sandwiches, austrian	West Hollywood	7253 Santa Monica Blvd	Los Angeles	90046	(323) 851-7120	'Intimate back patio with shady plants providing shade. \xc2\xa0\xe2\x80\xa2 \xc2\xa0I highly recommend the Chicken arugula salad. \xc2\xa0\xe2\x80\xa2 \xc2\xa0I personally prefer the organic turkey breast w/ brie.'
198	http://www.yelp.com//biz/desano-pizza-bakery-los-angeles	DeSano Pizza Bakery	stars_4_half	112	$$	pizza, italian	East Hollywood	4959 Santa Monica Blvd	Los Angeles	90029	(323) 913-7000	'Bonus points for a dedicated (free) parking lot and gelato. \xc2\xa0\xe2\x80\xa2 \xc2\xa0The crust is wonderfully chewy and slightly charred. \xc2\xa0\xe2\x80\xa2 \xc2\xa0I tried the San Gennaro, the Margherita, and the chocolate gelato.'
199	http://www.yelp.com//biz/peking-tavern-los-angeles-2	Peking Tavern	stars_4	211	$$	gastropubs, chinese	Downtown	806 S Spring St	Los Angeles	90014	(213) 988-8308	'Cool spot with great beer selection and tasty fresh dumplings. \xc2\xa0\xe2\x80\xa2 \xc2\xa0Gluten free spicy beef noodle soup. \xc2\xa0\xe2\x80\xa2 \xc2\xa0My faves were definitely the Scallion Pancake &amp; the Fri Chicken.'
200	http://www.yelp.com//biz/fundamental-la-los-angeles-2	fundamental LA	stars_4	494	$$	newamerican	Westwood	1303 Westwood Blvd	Los Angeles	90024	(310) 444-7581	'This is by far the best Chicken Torta I have ever tasted. \xc2\xa0\xe2\x80\xa2 \xc2\xa0But then, I decided to try the house made vanilla cream soda. \xc2\xa0\xe2\x80\xa2 \xc2\xa0Must try: Carrot risotto and churros for dessert.'
